no,name,category,description,member_count,day,period,room,3d_modeling,AI,STEM,academic,academic_support,aerospace,algorithms,animal_welfare,anime,anthropology,astronomy,badminton,baseball,basketball,billiards,biology,board_games,business,charity,cheerleading,chemistry,chinese_culture,climbing,coffee,community_service,competition,computer_science,craftsmanship,creative_arts,culture,cybersecurity,cycling,dance,data_science,debate,design,dodgeball,drones,economics,engineering,entrepreneurship,environment,equestrian,experiments,fashion,fencing,figure_skating,film,finance,fitness,food,football,forensic_science,frisbee,game_development,gaming,gender_studies,geography,geology,golf,hands_on,health,history,hobbies,humanities,investment,journalism,language_learning,law,linguistics,literature,machine_learning,magic,mahjong,martial_arts,math,media,medicine,mental_health,meteorology,motorsport,music,nutrition,outdoor_sports,peer_support,performing_arts,personal_growth,philosophy,photography,physics,pickleball,politics,programming,psychology,racquet_sports,rc_racing,religion,research,rhythm_games,robotics,rowing,running,scuba_diving,skiing,social_sciences,speedcubing,sports,strategy,swimming,table_tennis,tcg,tchoukball,teaching,team_sports,technology,tennis,theater,visual_arts,voice_acting,volleyball,volunteer,water_sports,web_development,wellness,winter_sports,writing,yoga
1,SCIE Buddhism Club,SOCIAL Interests and hobbies,"SCIE Buddhist Wisdom Club introduces classical Buddhist ideas in a simple and open way. Members study compassion, karma, anger, meditation, and emptiness through selected texts and school-life examples. Teachers and students can ask questions and join respectful discussions. People of all beliefs are welcome; no religious commitment is required.",1,tuesday,period11,A220,0,0,0,0,0,0,0,0,0,0,0,0,0,0,0,0,0,0,0,0,0,0,0,0,0,0,0,0,0,0,0,0,0,0,0,0,0,0,0,0,0,0,0,0,0,0,0,0,0,0,0,0,0,0,0,0,0,0,0,0,0,0,0,0,0,0,0,0,0,0,0,0,0,0,0,0,0,0,0,0,0,0,0,0,0,0,0,10,0,0,0,0,0,0,0,0,10,0,0,0,0,0,0,0,0,0,0,0,0,0,0,0,0,0,0,0,0,0,0,0,0,0,0,0,0,0,0
2,ACA Together,ACADEMIC Visual and performing arts,"A Cappella Club is a student-led vocal ensemble where members create music entirely through the human voice, without instrumental accompaniment. The club welcomes students with different levels of singing experience and provides a supportive environment for members to develop their vocal and performance skills. During weekly sessions, members will learn fundamental a cappella techniques, including vocal warm-ups, breathing, resonance, harmony, blending, rhythm, and ensemble listening. Members will be assigned suitable voice parts based on their vocal ranges and will work together to rehearse arrangements for school performances such as SGT and other events throughout the year. Beyond preparing for performances, the club aims to build a close and collaborative musical community. Through rehearsals, section practices, and performances, members will learn not only how to become more confident singers, but also how to listen, communicate, and contribute effectively as part of an ensemble.",1,thursday,period12,G117,0,0,0,0,0,0,0,0,0,0,0,0,0,0,0,0,0,0,0,0,0,0,0,0,0,0,0,0,4,0,0,0,0,0,0,0,0,0,0,0,0,0,0,0,0,0,0,0,0,0,0,0,0,0,0,0,0,0,0,0,0,0,0,0,0,0,0,0,0,0,0,0,0,0,0,0,0,0,0,0,0,12,0,0,0,4,0,0,0,0,0,0,0,0,0,0,0,0,0,0,0,0,0,0,0,0,0,0,0,0,0,0,0,0,0,0,0,0,0,0,0,0,0,0,0,0,0
3,AI Ethics & Governance Roundtable,ACADEMIC Social sciences,"AI Ethics & Governance Roundtable is a source-based discussion and writing ECA for students interested in how artificial intelligence should be developed, regulated and used. Each meeting examines a concrete policy question through primary materials such as legislation, regulatory guidance, institutional frameworks, research papers and real cases. Topics may include risk-based AI regulation, transparency and labelling of AI-generated content, copyright and training data, algorithmic bias, biometric surveillance, education, open-source models, frontier-model safety and responsibility for automated decisions. Members will distinguish facts, legal requirements, ethical principles and stakeholder interests before joining a moderated roundtable. They will then write short position memos that state a claim, address counterarguments and propose an actionable policy. No prior legal or technical knowledge is required. The aim is not to reach one approved opinion, but to develop evidence-based judgment, careful disagreement and responsible public reasoning. By the end of the semester, members will produce a reviewed collection of position papers and present selected arguments in a public AI governance forum.",1,thursday,lunchtime,A206,0,8,0,0,0,0,0,0,0,0,0,0,0,0,0,0,0,0,0,0,0,0,0,0,0,0,0,0,0,0,0,0,0,0,0,0,0,0,0,0,0,0,0,0,0,0,0,0,0,0,0,0,0,0,0,0,0,0,0,0,0,0,0,0,0,0,0,0,3,0,0,0,0,0,0,0,0,0,0,0,0,0,0,0,0,0,0,0,0,0,0,3,0,0,0,0,0,0,0,0,0,0,0,0,0,0,0,0,0,0,0,0,0,0,3,0,0,0,0,0,0,0,0,0,0,3,0
4,Acupuncture & TCM,SOCIAL Interests and hobbies,"Our aim is to provide information about acupuncture and traditional Chinese medicines to students who are interested. We also teach the students how to diagnose and how to treat every-day injuries using a unique traditional Chinese method. Further more, we also do service learning by using our knowledge to benefit our community family, friends and social groups.",1,friday,lunchtime,A211,0,0,0,0,0,0,0,0,0,0,0,0,0,0,0,0,0,0,0,0,0,5,0,0,4,0,0,0,0,0,0,0,0,0,0,0,0,0,0,0,0,0,0,0,0,0,0,0,0,0,0,0,0,0,0,0,0,0,0,0,0,2,0,0,0,0,0,0,0,0,0,0,0,0,0,0,0,5,0,0,0,0,0,0,0,0,0,0,0,0,0,0,0,0,0,0,0,0,0,0,0,0,0,0,0,0,0,0,0,0,0,0,4,0,0,0,0,0,0,0,0,0,0,0,0,0,0
5,Aerodynamicists,ACADEMIC Technology and engineering,"The Aerodynamics Club is for students interested in understanding how air flows around objects and how these principles are applied in engineering. This semester, the club will introduce key topics such as fluid properties, pressure, viscosity, boundary layers, lift, drag, flow separation, and airfoil design. Sessions will combine short explanations with demonstrations, discussions, and practical activities so that members can connect physical theory with real aerodynamic applications. As the semester progresses, students will also be introduced to computational fluid dynamics (CFD), learning how computer simulations can be used to visualise and analyse airflow. Depending on members’ experience and interest, we will explore software such as OpenFOAM and PyFR and conduct simple aerodynamic modelling projects. No previous knowledge of aerodynamics or coding is required. The club is designed to be accessible to beginners while also offering opportunities for more experienced students to explore advanced topics. Our goal is to develop members’ understanding of physics, engineering, numerical modelling, and real-world aerodynamic design.",1,monday,period11,A419,0,0,2,0,0,6,0,0,0,0,0,0,0,0,0,0,0,0,0,0,0,0,0,0,0,0,0,0,0,0,0,0,0,0,0,0,0,0,0,3,0,0,0,0,0,0,0,0,0,0,0,0,0,0,0,0,0,0,0,0,6,0,0,0,0,0,0,0,0,0,0,0,0,0,0,0,0,0,0,0,0,0,0,0,0,0,0,0,0,3,0,0,0,0,0,0,0,0,0,0,0,0,0,0,0,0,0,0,0,0,0,0,0,0,0,0,0,0,0,0,0,0,0,0,0,0,0
6,Aerodynamics & Simulation Club,ACADEMIC Technology and engineering,"Ever wondered why a Formula 1 car sticks to the ground, how aircraft wings generate lift, or how engineers test a design before it is ever built? In this ECA, you will turn your own ideas into 3D models using Rhino, then bring them into STAR-CCM+ to see how air, fluids, heat and other physical forces interact with your designs. Instead of simply learning software, you will work like an engineer: design, simulate, analyze, improve, and test again. Projects may include aerodynamic cars, aircraft wings, drones, turbines, cooling systems, or even designs of your own choice. No previous experience with 3D modelling or simulation is required—we will start from the basics and gradually move toward more advanced projects. If you enjoy engineering, physics, design, cars, aviation, or simply want to see whether your ideas actually work in the real world, this ECA gives you a chance to explore engineering beyond the classroom.",5,tuesday,period11,A406,0,0,2,0,0,0,0,0,0,0,0,0,0,0,0,0,0,0,0,0,0,0,0,0,0,0,0,0,0,0,0,0,0,0,0,3,0,0,0,4,0,0,0,0,0,0,0,0,0,0,0,0,0,0,0,0,0,0,0,0,8,0,0,0,0,0,0,0,0,0,0,0,0,0,0,0,0,0,0,0,0,0,0,0,0,0,0,0,0,3,0,0,0,0,0,0,0,0,0,0,0,0,0,0,0,0,0,0,0,0,0,0,0,0,0,0,0,0,0,0,0,0,0,0,0,0,0
7,Ai for math,ACADEMIC Mathematics and computer sciences,"We are going to explore interplay between artificial intelligence and mathematics. To be more specific, we will guide how to install Rethlas and how to use it. Then we will teach formalizing math in calculus to help them better understand this topic.",1,thursday,period12,A216,0,10,2,0,0,0,0,0,0,0,0,0,0,0,0,0,0,0,0,0,0,0,0,0,0,0,0,0,0,0,0,0,0,0,0,0,0,0,0,0,0,0,0,0,0,0,0,0,0,0,0,0,0,0,0,0,0,0,0,0,0,0,0,0,0,0,0,0,0,0,0,0,0,0,0,4,0,0,0,0,0,0,0,0,0,0,0,0,0,0,0,0,0,0,0,0,0,0,0,0,0,0,0,0,0,0,0,0,0,0,0,0,4,0,0,0,0,0,0,0,0,0,0,0,0,0,0
8,Animal Studies Society,ACADEMIC Natural sciences,"The Animal Science and Welfare Club is a student-led club exploring animal biology, behaviour, health, and welfare. Through discussions, presentations, case studies, interactive activities, and research, members will learn about how animals function, behave, and interact with humans. The club also examines real-world issues such as responsible animal care, conservation, animal ethics, and the challenges faced by animals in different environments. Our aim is to combine scientific knowledge with empathy and encourage students to develop a deeper understanding of animals and our responsibilities towards them.",1,monday,lunchtime,A211,0,0,2,0,0,0,0,5,0,0,0,0,0,0,0,5,0,0,0,0,0,0,0,0,0,0,0,0,0,0,0,0,0,0,0,0,0,0,0,0,0,4,0,0,0,0,0,0,0,0,0,0,0,0,0,0,0,0,0,0,0,0,0,0,0,0,0,0,0,0,0,0,0,0,0,0,0,0,0,0,0,0,0,0,0,0,0,0,0,0,0,0,0,0,0,0,0,4,0,0,0,0,0,0,0,0,0,0,0,0,0,0,0,0,0,0,0,0,0,0,0,0,0,0,0,0,0
9,Anime Club,SOCIAL Culture,"We are a vibrant community dedicated to sharing the joy of anime. Our club hosts weekly screenings and anime discussions to explore the diverse culture of Japanese animation. Whether you're a seasoned otaku or a curious newcomer, join us to embark on an exciting journey through the world of anime!",1,tuesday,period11,A416,0,0,0,0,0,0,0,0,12,0,0,0,0,0,0,0,0,0,0,0,0,0,0,0,0,0,0,0,0,4,0,0,0,0,0,0,0,0,0,0,0,0,0,0,0,0,0,0,0,0,0,0,0,0,0,0,0,0,0,0,0,0,0,4,0,0,0,0,0,0,0,0,0,0,0,0,0,0,0,0,0,0,0,0,0,0,0,0,0,0,0,0,0,0,0,0,0,0,0,0,0,0,0,0,0,0,0,0,0,0,0,0,0,0,0,0,0,0,0,0,0,0,0,0,0,0,0
10,AnthroPulse,SOCIAL Interests and hobbies,"The AnthnoPulse Lab is an anthropology-focused club dedicated to uncovering the hidden meanings in everyday life. We treat our school and city as living field sites, investigating how objects, spaces, and routines reflect human behavior and social change. Unlike traditional academic clubs, we don’t just read about culture—we go out to observe it. Through systematic fieldwork, interviews, and creative documentation, we explore questions like: How do students personalize their dorm spaces? How do different generations use the same public park? What do market transactions reveal about community values? Each semester, members collaborate on a micro-ethnography project, producing field notes, interview excerpts, and visual responses. The AnthnoPulse club is a space for curious minds to develop observational rigor, cultural empathy, and a nuanced understanding of the diverse communities we inhabit.",1,thursday,period11,A219,0,0,0,0,0,0,0,0,0,7,0,0,0,0,0,0,0,0,0,0,0,0,0,0,0,0,0,0,0,3,0,0,0,0,0,0,0,0,0,0,0,0,0,0,0,0,0,0,0,0,0,0,0,0,0,0,0,0,0,0,0,0,0,0,0,0,0,0,0,0,0,0,0,0,0,0,0,0,0,0,0,0,0,0,0,0,0,0,0,0,0,0,0,0,0,0,0,7,0,0,0,0,0,0,3,0,0,0,0,0,0,0,0,0,0,0,0,0,0,0,0,0,0,0,0,0,0
11,Apeiron PhyX,ACADEMIC Natural sciences,"We are a physics club that aims to teach students computational physics content in a more accessible way. Also, we will hold discussions between students and physics experts to help them understand cutting-edge knowledge. Lastly, we plan to partner with other ECAs to gather SCIE students who love math and science, and organize various activities.",1,tuesday,period11,A510,0,0,2,0,0,0,0,0,0,0,0,0,0,0,0,0,0,0,0,0,0,0,0,0,0,0,6,0,0,0,0,0,0,0,0,0,0,0,0,0,0,0,0,0,0,0,0,0,0,0,0,0,0,0,0,0,0,0,0,0,0,0,0,0,0,0,0,0,0,0,0,0,0,0,0,6,0,0,0,0,0,0,0,0,0,0,0,0,0,6,0,0,0,0,0,0,0,0,0,0,0,0,0,0,0,0,0,0,0,0,0,0,0,0,0,0,0,0,0,0,0,0,0,0,0,0,0
12,Apex Racing,SOCIAL Interests and hobbies,"Starting and evolving from SCIE RC Racing Club last year, Apex Racing is a brand new and fully developed RC racing team, that not only focus on engineering and racing, but also teamwork, collaboration skills, and abilities to adapt to new tasks. We need more than tech geeks, finance and public media department needs much more members to join us and fight together. In the ECA we are going to form a real racing team, with its typical structure. Members will have hand-on experience of dealing with a racing season, from the start with preparations, to the end winning the grand prize. During practice, everyone will have the opportunity to drive the 1/10 Touring Car to perform tasks, achieve standard lap time, and learn from the ECA leader about all technical knowledge related to RC racing cars. These knowledges can also be used on real cars. Furthermore, all spendings and costs during the season will rely on sponsors, and thus members do not need to pay for any additional material costs. In collaboration with other ECAs, we will be studying for all ranges of information. Feel free to join and enjoy a wonderful journey with professional Remote controlled cars.",1,friday,period11,A207,0,0,0,0,0,0,0,0,0,0,0,0,0,0,0,0,0,0,0,0,0,0,0,0,0,1,0,0,0,0,0,0,0,0,0,0,0,0,0,2,0,0,0,0,0,0,0,0,0,0,0,0,0,0,0,0,0,0,0,0,6,0,0,0,0,0,0,0,0,0,0,0,0,0,0,0,0,0,0,0,0,0,0,0,0,0,0,0,0,0,0,0,0,0,0,9,0,0,0,0,0,0,0,0,0,0,0,0,0,0,0,0,0,0,2,0,0,0,0,0,0,0,0,0,0,0,0
13,Arts and Sciences,ACADEMIC Others,"Formerly Introduction to Architecture, we broaden the content and aim to dismantle the traditional barriers between STEM and the Arts. Inspired by the interdisciplinary mindset championed by top universities like Harvard and Cambridge, we create a platform where members explore the connection between diverse fields like art, science, history, and technology. We hold lectures, discussions and hands-on activities, displaying our members’ work through an exhibition. Our curriculum includes learning foundational modelling skills (Blender, Rhino) and engaging in themed interdisciplinary lectures and experiments. We provide a collaborative and 100% English environment where beginners can master modelling tools, exchange ideas, and broaden their horizons.",1,tuesday,period11,B524,0,0,1,0,0,0,0,0,0,0,0,0,0,0,0,0,0,0,0,0,0,0,0,0,0,0,0,0,2,0,0,0,0,0,0,4,0,0,0,0,0,0,0,0,0,0,0,0,0,0,0,0,0,0,0,0,0,0,0,0,9,0,0,0,0,0,0,0,0,0,0,0,0,0,0,0,0,0,0,0,0,0,0,0,0,0,0,0,0,0,0,0,0,0,0,0,0,0,0,0,0,0,0,0,0,0,0,0,0,0,0,0,0,0,4,0,0,0,0,0,0,0,0,0,0,0,0
14,BG Lab,SOCIAL Interests and hobbies,"BG Lab is a student-led ECA that introduces members to a wide range of board game genres, mechanics, and design concepts through both gameplay and analysis. Members will have the opportunity to design and develop their own original board games from scratch, progressing from an initial idea to rules, prototypes, playtesting, and a finished product. In addition, BG Lab aims to connect members with experienced board game designers and visual artists, giving them insight into the professional board game industry and, where possible, opportunities to collaborate with professionals to further develop their own projects.",1,thursday,period11,B221,0,0,0,0,0,0,0,0,0,0,0,0,0,0,0,0,7,0,0,0,0,0,0,0,0,0,0,0,3,0,0,0,0,0,0,7,0,0,0,0,0,0,0,0,0,0,0,0,0,0,0,0,0,0,0,3,0,0,0,0,0,0,0,0,0,0,0,0,0,0,0,0,0,0,0,0,0,0,0,0,0,0,0,0,0,0,0,0,0,0,0,0,0,0,0,0,0,0,0,0,0,0,0,0,0,0,0,0,0,0,0,0,0,0,0,0,0,0,0,0,0,0,0,0,0,0,0
15,Bacamera Filmmaker Club,SOCIAL Media and creative,Bacamera Filmmaker Club focuses on nourishing SCIEr who desire to make their own films and SCIEr who would like to systematically learn about film theories and the filmmaking process. We are the first filmmaking club that covers everything from theoretical courses and film analysis to practical experience on set in SCIE.,1,thursday,period11,A215,0,0,0,0,0,0,0,0,0,0,0,0,0,0,0,0,0,0,0,0,0,0,0,0,0,0,0,0,4,0,0,0,0,0,0,0,0,0,0,0,0,0,0,0,0,0,0,12,0,0,0,0,0,0,0,0,0,0,0,0,0,0,0,0,0,0,0,0,0,0,0,0,0,0,0,0,4,0,0,0,0,0,0,0,0,0,0,0,0,0,0,0,0,0,0,0,0,0,0,0,0,0,0,0,0,0,0,0,0,0,0,0,0,0,0,0,0,0,0,0,0,0,0,0,0,0,0
16,Baseball New Wave,SPORTS,Baseball,1,friday,period13,A510,0,0,0,0,0,0,0,0,0,0,0,0,13,0,0,0,0,0,0,0,0,0,0,0,0,0,0,0,0,0,0,0,0,0,0,0,0,0,0,0,0,0,0,0,0,0,0,0,0,0,0,0,0,0,0,0,0,0,0,0,0,0,0,0,0,0,0,0,0,0,0,0,0,0,0,0,0,0,0,0,0,0,0,0,0,0,0,0,0,0,0,0,0,0,0,0,0,0,0,0,0,0,0,0,0,0,2,0,0,0,0,0,0,5,0,0,0,0,0,0,0,0,0,0,0,0,0
17,Basketball Development Centre,SPORTS,Will provide students with proper and systematic trainning sessions to help them develop personal skills and team work skills. Foster possible players for the FOBISIA tournament.,0,friday,period11,H100A,0,0,0,0,0,0,0,0,0,0,0,0,0,9,0,0,0,0,0,0,0,0,0,0,0,1,0,0,0,0,0,0,0,0,0,0,0,0,0,0,0,0,0,0,0,0,0,0,0,4,0,0,0,0,0,0,0,0,0,0,0,0,0,0,0,0,0,0,0,0,0,0,0,0,0,0,0,0,0,0,0,0,0,0,0,0,0,0,0,0,0,0,0,0,0,0,0,0,0,0,0,0,0,0,0,0,2,0,0,0,0,0,0,4,0,0,0,0,0,0,0,0,0,0,0,0,0
18,BioBío,ACADEMIC Natural sciences,"The Biobío club is a student-led extracurricular activity dedicated to exploring biology through hands-on activities, field observation, and interdisciplinary projects. Rather than focusing on lectures or examination preparation, the club aims to make biology engaging and relevant to everyday life. Activities will include campus biodiversity surveys, species identification, and investigations into the biology behind familiar experiences such as plant pigments, fragrances, food, and nutrition. By connecting ecology, environmental science, molecular biology, and nutrition, members will explore the diversity of biological sciences while developing their own interests. The club welcomes students with different levels of biological knowledge and encourages curiosity, collaboration, and independent exploration.",1,wednesday,lunchtime,B534,0,0,2,0,0,0,0,0,0,0,0,0,0,0,0,6,0,0,0,0,0,0,0,0,0,0,0,0,0,0,0,0,0,0,0,0,0,0,0,0,0,6,0,6,0,0,0,0,0,0,0,0,0,0,0,0,0,0,0,0,0,0,0,0,0,0,0,0,0,0,0,0,0,0,0,0,0,0,0,0,0,0,0,0,0,0,0,0,0,0,0,0,0,0,0,0,0,0,0,0,0,0,0,0,0,0,0,0,0,0,0,0,0,0,0,0,0,0,0,0,0,0,0,0,0,0,0
19,BioChem Experiment club,ACADEMIC Natural sciences,Do extended experiments in school lab. Our club may use chemistry lab room at floor 8.,1,tuesday,period11,B815,0,0,2,0,0,0,0,0,0,0,0,0,0,0,0,4,0,0,0,0,3,0,0,0,0,0,0,0,0,0,0,0,0,0,0,0,0,0,0,0,0,0,0,3,0,0,0,0,0,0,0,0,0,0,0,0,0,0,0,0,8,0,0,0,0,0,0,0,0,0,0,0,0,0,0,0,0,0,0,0,0,0,0,0,0,0,0,0,0,0,0,0,0,0,0,0,0,0,0,0,0,0,0,0,0,0,0,0,0,0,0,0,0,0,0,0,0,0,0,0,0,0,0,0,0,0,0
20,BioChem Fever,ACADEMIC Natural sciences,"BioChem Fever is a student-led club designed to ignite curiosity and creativity in the fields of biology and chemistry. Our activities combine hands-on experiments, scientific discussions, and problem-based projects to help members deepen their understanding of the natural sciences beyond the classroom. The club will cover molecular biology, biochemistry, and applications in biotechnology, giving students the opportunity to explore fascinating topics such as enzyme activity, synthetic biology, and environmental applications of biochemistry. By integrating practical experiments with theory, members will gain confidence in experimental design, data analysis, and scientific communication. BioChem Fever aims to be both educational and enjoyable, cultivating teamwork and inspiring future scientists.",3,friday,period11,B526,0,0,2,0,0,0,0,0,0,0,0,0,0,0,0,5,0,0,0,0,5,0,0,0,0,0,0,0,0,0,0,0,0,0,0,0,0,0,0,0,0,0,0,4,0,0,0,0,0,0,0,0,0,0,0,0,0,0,0,0,0,0,0,0,0,0,0,0,0,0,0,0,0,0,0,0,0,0,0,0,0,0,0,0,0,0,0,0,0,0,0,0,0,0,0,0,0,4,0,0,0,0,0,0,0,0,0,0,0,0,0,0,0,0,0,0,0,0,0,0,0,0,0,0,0,0,0
21,Brew Isle,SOCIAL Interests and hobbies,"Brew Isle is a place where we, with enthusiasm in coffee, brew coffee, taste coffee and discuss about coffee. The main focus is on hand-brewed coffee and boutique coffee. We discuss topics including origins, varieties, process methods, brewing techniques and so on. Every member here is free to share their unique thought with others, while discovering new knowledge about coffee.",1,thursday,period11,A402,0,0,0,0,0,0,0,0,0,0,0,0,0,0,0,0,0,0,0,0,0,0,0,15,0,0,0,0,0,0,0,0,0,0,0,0,0,0,0,0,0,0,0,0,0,0,0,0,0,0,0,0,0,0,0,0,0,0,0,0,0,0,0,5,0,0,0,0,0,0,0,0,0,0,0,0,0,0,0,0,0,0,0,0,0,0,0,0,0,0,0,0,0,0,0,0,0,0,0,0,0,0,0,0,0,0,0,0,0,0,0,0,0,0,0,0,0,0,0,0,0,0,0,0,0,0,0
22,Bureau of Unexplained Affairs,SOCIAL Interests and hobbies,"This ECA is a civil‑paranormal‑phenomenon research society. We explore reported anomalous cases, including UFO sightings, cryptids such as the Loch Ness Monster, and historical supernatural folklore. Rather than confirming whether paranormal events are real, our core goal is to analyse these accounts from historical, psychological and sociological perspectives. We will study classic materials such as 《Soulstealers: The Chinese Sorcery Scare of 1768》, comparing mass panics in history with modern‑day viral supernatural rumours. Members practise critical‑thinking, source‑checking and group discussion. We evaluate eyewitness reports, media narratives and social‑psychological causes behind collective belief.",3,monday,period13,A201,0,0,0,0,0,0,0,0,0,0,0,0,0,0,0,0,0,0,0,0,0,0,0,0,0,0,0,0,0,0,0,0,0,0,0,0,0,0,0,0,0,0,0,0,0,0,0,0,0,0,0,0,0,0,0,0,0,0,0,0,0,0,6,0,0,0,0,0,0,0,0,0,0,0,0,0,0,0,0,0,0,0,0,0,0,0,0,0,0,0,0,0,0,6,0,0,0,6,0,0,0,0,0,0,2,0,0,0,0,0,0,0,0,0,0,0,0,0,0,0,0,0,0,0,0,0,0
23,Business Teaching Club,SOCIAL Volunteers and charitable projects,"The Business Teaching Club is the club that can offer members the opportunity to gain practical insights into theoretical business knowledge. Furthermore, they have the chance to express this valuable information by voluntarily teaching primary school students. Whether one is an experienced entrepreneur, an aspiring business leader, or a curious student, our club serves as a dynamic platform for expanding both their business acumen and their contributions to others' knowledge.",1,wednesday,lunchtime,A210,0,0,0,0,0,0,0,0,0,0,0,0,0,0,0,0,0,3,0,0,0,0,0,0,7,0,0,0,0,0,0,0,0,0,0,0,0,0,0,0,0,0,0,0,0,0,0,0,0,0,0,0,0,0,0,0,0,0,0,0,0,0,0,0,0,0,0,0,0,0,0,0,0,0,0,0,0,0,0,0,0,0,0,0,0,0,0,0,0,0,0,0,0,0,0,0,0,0,0,0,0,0,0,0,0,0,0,0,0,0,0,0,7,0,0,0,0,0,0,0,3,0,0,0,0,0,0
24,Business practice club,ACADEMIC Business and economics,BPC runs the annual rose selling event in the school carnival. We also work with the Harvard BPC program and train our students to be ready for the competition,5,monday,period11,A616,0,0,0,0,0,0,0,0,0,0,0,0,0,0,0,0,0,3,0,0,0,0,0,0,0,3,0,0,0,0,0,0,0,0,0,0,0,0,7,0,7,0,0,0,0,0,0,0,0,0,0,0,0,0,0,0,0,0,0,0,0,0,0,0,0,0,0,0,0,0,0,0,0,0,0,0,0,0,0,0,0,0,0,0,0,0,0,0,0,0,0,0,0,0,0,0,0,0,0,0,0,0,0,0,0,0,0,0,0,0,0,0,0,0,0,0,0,0,0,0,0,0,0,0,0,0,0
25,Cantonese linguistics,ACADEMIC Languages,"This student-led Cantonese Linguistics club focuses on the academic study of Cantonese, a vital regional language with unique phonetics, grammar and cultural value. As a native Cantonese speaker, I will lead members to explore its linguistic features, compare it with Mandarin and other Chinese dialects, discuss tone systems, vocabulary evolution and local cultural language phenomena.",6,friday,lunchtime,A613,0,0,0,5,0,0,0,0,0,0,0,0,0,0,0,0,0,0,0,0,0,5,0,0,0,0,0,0,0,0,0,0,0,0,0,0,0,0,0,0,0,0,0,0,0,0,0,0,0,0,0,0,0,0,0,0,0,0,0,0,0,0,0,0,0,0,0,5,0,5,0,0,0,0,0,0,0,0,0,0,0,0,0,0,0,0,0,0,0,0,0,0,0,0,0,0,0,0,0,0,0,0,0,0,0,0,0,0,0,0,0,0,0,0,0,0,0,0,0,0,0,0,0,0,0,0,0
26,Chamber Music,SOCIAL Interests and hobbies,"The is an ECA of students who have high level of skills in a string or woodwind instrument play classical music together. We are a group of students who are dedicated to letting people to appreciate the beauty of classical music through our well-rehearsed performances on stage, including the openings for MUN, TED x SCIE, and Art weeks. This is an opportunity to unleash our emotions during busy school days and feel connected through playing the epic pieces composed by brilliant mind in the past, especially the pieces in the Baroque period and Romantic period. We would be contributing to the school’s vibrancy and variety while advocating the spirit of classical music as our core values.",1,monday,lunchtime,G117,0,0,0,0,0,0,0,0,0,0,0,0,0,0,0,0,0,0,0,0,0,0,0,0,0,0,0,0,0,0,0,0,0,0,0,0,0,0,0,0,0,0,0,0,0,0,0,0,0,0,0,0,0,0,0,0,0,0,0,0,0,0,0,0,0,0,0,0,0,0,0,0,0,0,0,0,0,0,0,0,0,15,0,0,0,5,0,0,0,0,0,0,0,0,0,0,0,0,0,0,0,0,0,0,0,0,0,0,0,0,0,0,0,0,0,0,0,0,0,0,0,0,0,0,0,0,0
27,ChannelKay,SOCIAL Media and creative,"Channoglkay aims to provide students in SCIE and beyond with insights into incividual experiences of SCIE seniors,focusing on their personal growth and thoughts. We also wan to help peers get use to life at SCE, putting together an Al incorporated system in which students can ask questions about life and academics at SCE.",1,monday,period11,A215,0,0,0,0,0,0,0,0,0,0,0,0,0,0,0,0,0,0,0,0,0,0,0,0,0,0,0,0,0,0,0,0,0,0,0,0,0,0,0,0,0,0,0,0,0,0,0,0,0,0,0,0,0,0,0,0,0,0,0,0,0,0,0,0,0,0,0,0,0,0,0,0,0,0,0,0,0,0,0,0,0,0,0,0,15,0,5,0,0,0,0,0,0,0,0,0,0,0,0,0,0,0,0,0,0,0,0,0,0,0,0,0,0,0,0,0,0,0,0,0,0,0,0,0,0,0,0
28,Charity Bake Sale,SOCIAL Volunteers and charitable projects,Led by Joyce Jiao and Yifan Liu. We bake cookies and sell them during major school wide events as well as DEI events on the UN calendar and donate all profits to DEI initiatives. We accompany our bake sale with advocacy posters and online articles pertaining to DEI.,1,friday,lunchtime,A201,0,0,0,0,0,0,0,0,0,0,0,0,0,0,0,0,0,0,9,0,0,0,0,0,8,0,0,0,0,0,0,0,0,0,0,0,0,0,0,0,0,0,0,0,0,0,0,0,0,0,3,0,0,0,0,0,0,0,0,0,0,0,0,0,0,0,0,0,0,0,0,0,0,0,0,0,0,0,0,0,0,0,0,0,0,0,0,0,0,0,0,0,0,0,0,0,0,0,0,0,0,0,0,0,0,0,0,0,0,0,0,0,0,0,0,0,0,0,0,0,0,0,0,0,0,0,0
29,Cheer SCIE,SPORTS,Official SCIE Cheerleading club: We perform during sports day and varsity games.,1,monday,period11,H102,0,0,0,0,0,0,0,0,0,0,0,0,0,0,0,0,0,0,0,12,0,0,0,0,0,0,0,0,0,0,0,0,0,0,0,0,0,0,0,0,0,0,0,0,0,0,0,0,0,4,0,0,0,0,0,0,0,0,0,0,0,0,0,0,0,0,0,0,0,0,0,0,0,0,0,0,0,0,0,0,0,0,0,0,0,2,0,0,0,0,0,0,0,0,0,0,0,0,0,0,0,0,0,0,0,0,2,0,0,0,0,0,0,0,0,0,0,0,0,0,0,0,0,0,0,0,0
30,Chemistry Curiosity Club,ACADEMIC Natural sciences,"Our ECA aims to stimulate students' interest in Chemistry. We will introduce a wide range of topics, including inorganic, organic and physical Chemistry. The seniors will be delivering detailed knowledge about each topic every week, thus enriching our members' knowledge of the subject and enabling them a perceptive understanding of the world of Chemistry. Our lab session every semester will enhance members interest through a series of simple but eye-opening experiments, which will be under the guidance of our supervisor, thus also ensuring the safety of the safety of this process. We won ECA award in two consecutive years.",1,wednesday,lunchtime,A414,0,0,2,6,0,0,0,0,0,0,0,0,0,0,0,0,0,0,0,0,6,0,0,0,0,0,0,0,0,0,0,0,0,0,0,0,0,0,0,0,0,0,0,6,0,0,0,0,0,0,0,0,0,0,0,0,0,0,0,0,0,0,0,0,0,0,0,0,0,0,0,0,0,0,0,0,0,0,0,0,0,0,0,0,0,0,0,0,0,0,0,0,0,0,0,0,0,0,0,0,0,0,0,0,0,0,0,0,0,0,0,0,0,0,0,0,0,0,0,0,0,0,0,0,0,0,0
31,Chinese Debate Club,ACADEMIC Languages,"We aim to build a highly skilled Chinese debate team that proudly represents SCIE. We welcome all students who are interested in or already skilled in Chinese debating, and will select a core team through tryouts. Our goal is to carve out a space for SCIE on the Chinese debating stage, and we firmly believe that in the future, Chinese debate will become one of SCIE’s shining hallmarks.",2,monday,period11,B522,0,0,0,0,0,0,0,0,0,0,0,0,0,0,0,0,0,0,0,0,0,0,0,0,0,3,0,0,0,0,0,0,0,0,9,0,0,0,0,0,0,0,0,0,0,0,0,0,0,0,0,0,0,0,0,0,0,0,0,0,0,0,0,0,0,0,0,8,0,0,0,0,0,0,0,0,0,0,0,0,0,0,0,0,0,0,0,0,0,0,0,0,0,0,0,0,0,0,0,0,0,0,0,0,0,0,0,0,0,0,0,0,0,0,0,0,0,0,0,0,0,0,0,0,0,0,0
32,Chinese Traditional Fitness & Meditation,SPORTS,"Introduce students to traditional Chinese fitness and meditation through basic Baduanjin, Tai Chi, stretching, breathing and mindfulness exercises. No previous experience is required. Sessions will focus on movement, balance, flexibility, concentration and relaxation, while also exploring the cultural background of these traditional practices.",0,monday,lunchtime,B432,0,0,0,0,0,0,0,0,0,0,0,0,0,0,0,0,0,0,0,0,0,6,0,0,0,0,0,0,0,0,0,0,0,0,0,0,0,0,0,0,0,0,0,0,0,0,0,0,0,6,0,0,0,0,0,0,0,0,0,0,0,2,0,0,0,0,0,0,0,0,0,0,0,0,0,0,0,0,0,0,0,0,0,0,0,0,0,0,0,0,0,0,0,0,0,0,0,0,0,0,0,0,0,0,0,0,0,0,0,0,0,0,0,0,0,0,0,0,0,0,0,0,0,6,0,0,0
33,Chronoscience,ACADEMIC Social sciences,"Chronoscience is a history club which aims explore the intersection between history and technology. Rather than treating history simply as a collection of past events, the club examines how technologies have shaped human connection, migration, communication, conflict, and collective memory, as well as how digital tools can change the ways we research and present history.",1,thursday,period13,A201,0,0,0,0,0,0,0,0,0,0,0,0,0,0,0,0,0,0,0,0,0,0,0,0,0,0,0,0,0,0,0,0,0,0,0,0,0,0,0,0,0,0,0,0,0,0,0,0,0,0,0,0,0,0,0,0,0,0,0,0,0,0,6,0,0,0,0,0,0,0,0,0,0,0,0,0,0,0,0,0,0,0,0,0,0,0,0,0,0,0,0,0,0,0,0,0,0,6,0,0,0,0,0,0,2,0,0,0,0,0,0,0,0,0,6,0,0,0,0,0,0,0,0,0,0,0,0
34,Climbing ECA,SPORTS,Climbing activity at school climbing wall,3,thursday,period11,BBL,0,0,0,0,0,0,0,0,0,0,0,0,0,0,0,0,0,0,0,0,0,0,10,0,0,0,0,0,0,0,0,0,0,0,0,0,0,0,0,0,0,0,0,0,0,0,0,0,0,4,0,0,0,0,0,0,0,0,0,0,0,0,0,0,0,0,0,0,0,0,0,0,0,0,0,0,0,0,0,0,0,0,0,4,0,0,0,0,0,0,0,0,0,0,0,0,0,0,0,0,0,0,0,0,0,0,2,0,0,0,0,0,0,0,0,0,0,0,0,0,0,0,0,0,0,0,0
35,CognitAble,SOCIAL Volunteers and charitable projects,"Our ECA focuses on neurodiversity and cognitive accessibility in school environments. We will introduce the concept of ""cognitive variations"" that result from genetic differences, the environments in which people grow up, and differences in how people think, and then explore how these variations may influence students’ experiences in school. Then, we will explain and examine cognitive barriers, such as ADHD, dyslexia, and autism, that can arise from everyday learning materials, classroom environments, and communication methods. Each session will focus on a different aspect of neurodiversity or cognitive accessibility, such as attention, memory, reading, sensory processing, or executive function. The most important component of CogniAble ECA is to investigate practical ways to reduce them. The ECA aims to connect concepts from cognitive science with practical changes in the school environment, with a focus on making information and everyday school experiences more cognitively accessible.",1,tuesday,period11,A401,0,0,0,0,0,0,0,0,0,0,0,0,0,0,0,0,0,0,0,0,0,0,0,0,0,0,0,0,0,0,0,0,0,0,0,0,0,0,0,0,0,0,0,0,0,0,0,0,0,0,0,0,0,0,0,0,0,0,0,0,0,0,0,0,0,0,0,0,0,0,0,0,0,0,0,0,0,0,7,0,0,0,0,0,6,0,0,0,0,0,0,0,0,7,0,0,0,0,0,0,0,0,0,0,0,0,0,0,0,0,0,0,0,0,0,0,0,0,0,0,0,0,0,0,0,0,0
36,Cognitive Aquarium,ACADEMIC Social sciences,"Cognitive Aquarium is an experiment-based cognitive science and behavioural science club that requires no prerequisite in psychology background. We will give an intro about what is cognitive science and specify its comprising blocks and components. Participants will ideally gain skills on reading, writing, interpreting and summarising research studies throughout hands-on experiment process. Each typical session will be a deep dive into a specific cognitive science concepts—e.g. memory, decision-making, attention, perception, etc— and usually includes 1. A short lecture/explanation 2. An activity (such as a game, a social interaction game, or other interactive tasks) 3. Replication of an classical or fun experiment (with participants trying to summarise the results) 4. A post-class assignment to read a relevant paper, discuss interesting ideas or ""fun facts"" gleaned from it, and log them in a shared document.",1,thursday,period11,A506,0,0,0,0,0,0,0,0,0,0,0,0,0,0,0,0,0,0,0,0,0,0,0,0,0,0,0,0,0,0,0,0,0,0,0,0,0,0,0,0,0,0,0,6,0,0,0,0,0,0,0,0,0,0,0,0,0,0,0,0,0,0,0,0,0,0,0,0,0,0,0,0,0,0,0,0,0,0,0,0,0,0,0,0,0,0,0,0,0,0,0,0,0,7,0,0,0,7,0,0,0,0,0,0,0,0,0,0,0,0,0,0,0,0,0,0,0,0,0,0,0,0,0,0,0,0,0
37,Compus ESG Lab,ACADEMIC Business and economics,"Our club is dedicated to imparting to students some basic concepts about ESG. Meanwhile, we will use specific company cases to help students understand and train them to apply the abstract notions in practice. Furthermore, each semester, our club will select one campus or community issue, such as an investigation into food waste in the school canteen, to publish a report. Additionally, it is essential to equip members with literacy in dissecting ESG reports and investigative skills, such as visualisation of data and scoring & rubric design. Overall, our club is created to educate students to have a mindset that includes environmental concerns, social welfare and justice in administration when they are making financial and economic decisions for sustainability.",3,tuesday,period11,A207,0,0,0,0,0,0,0,0,0,0,0,0,0,0,0,0,0,2,0,0,0,0,0,0,0,0,0,0,0,0,0,0,0,0,0,0,0,0,5,0,0,6,0,0,0,0,0,0,0,0,0,0,0,0,0,0,0,0,0,0,0,0,0,0,0,0,0,0,0,0,0,0,0,0,0,0,0,0,0,0,0,0,0,0,0,0,0,0,0,0,0,0,0,0,0,0,0,5,0,0,0,0,0,0,2,0,0,0,0,0,0,0,0,0,0,0,0,0,0,0,0,0,0,0,0,0,0
38,Constellation Lab — Student Opportunity & Project Collaboration,ACADEMIC Others,"Constellation Lab is an interdisciplinary academic ECA that connects students with competitions, research opportunities and collaborative projects across business, STEM, social sciences, writing and community impact. Members will discover and evaluate opportunities, organise reliable information, and form teams based on complementary skills, interests, availability and commitment. The ECA will also develop and test CoQuest, a WeChat Mini Program that provides a verified opportunity calendar and a safe, structured team-matching process. Members may contribute through research, programming, product design, writing, data organisation, communication or project leadership. No previous competition or technical experience is required. The ECA welcomes students who are curious, responsible and willing to turn ideas and opportunities into meaningful projects.",13,thursday,period11,A411,0,0,0,0,4,0,0,0,0,0,0,0,0,0,0,0,0,3,0,0,0,0,0,0,0,3,0,0,0,0,0,0,0,0,0,0,0,0,0,0,0,0,0,0,0,0,0,0,0,0,0,0,0,0,0,0,0,0,0,0,0,0,0,0,0,0,0,0,0,0,0,0,0,0,0,0,0,0,0,0,0,0,0,0,0,0,0,0,0,0,0,0,0,0,0,0,0,10,0,0,0,0,0,0,0,0,0,0,0,0,0,0,0,0,0,0,0,0,0,0,0,0,0,0,0,0,0
39,Cosmology Horizon,ACADEMIC Natural sciences,"Our ECA is an astronomy outreach club that aims to make astronomy accessible, engaging, and relevant to students with different levels of scientific background. Through regular student-led sessions, we introduce topics ranging from neutron stars, stellar evolution, and auroras to asteroid defense, Mars exploration, and the future of human spaceflight. Rather than focusing on highly technical theory, our sessions emphasize clear explanations, visual materials, discussion, and curiosity-driven exploration. A distinctive part of our ECA is our astronomy photography program. We have access to remotely operated telescopes located at astronomical observatories in Ningxia and other regions of China. Members can apply for observing time and use these telescopes to capture astronomical objects under the guidance of the current and former club presidents. This gives students an opportunity to move beyond learning about astronomy and actually observe and photograph the universe themselves. We also organize an annual visit to the Shenzhen Astronomical Observatory, where members can experience professional astronomical facilities and learn about the daily work of astronomers.",1,tuesday,period11,B523,0,0,2,0,0,0,0,0,0,0,6,0,0,0,0,0,0,0,0,0,0,0,0,0,0,0,0,0,0,0,0,0,0,0,0,0,0,0,0,0,0,0,0,0,0,0,0,0,0,0,0,0,0,0,0,0,0,0,0,0,0,0,0,0,0,0,0,0,0,0,0,0,0,0,0,0,0,0,0,0,0,0,0,0,0,0,0,0,6,6,0,0,0,0,0,0,0,0,0,0,0,0,0,0,0,0,0,0,0,0,0,0,0,0,0,0,0,0,0,0,0,0,0,0,0,0,0
40,D-Sign,SOCIAL Volunteers and charitable projects,"D-sign club is a design club that aims to deliver free pro‑bono design for local community shops and small‑and‑micro‑sized businesses. It not only provides a pathway for art lovers, writers, filmmaker students to utilize their talents to benefit their community, but also greatly enriches their portfolios with real life design rooted in local stories.",1,friday,period11,A208,0,0,0,0,0,0,0,0,0,0,0,0,0,0,0,0,0,0,0,0,0,0,0,0,8,0,0,0,3,0,0,0,0,0,0,9,0,0,0,0,0,0,0,0,0,0,0,0,0,0,0,0,0,0,0,0,0,0,0,0,0,0,0,0,0,0,0,0,0,0,0,0,0,0,0,0,0,0,0,0,0,0,0,0,0,0,0,0,0,0,0,0,0,0,0,0,0,0,0,0,0,0,0,0,0,0,0,0,0,0,0,0,0,0,0,0,0,0,0,0,0,0,0,0,0,0,0
41,DECODE THE WORLD,ACADEMIC Mathematics and computer sciences,"DECODE THE WORLD is an interdisciplinary and project-based ECA that explores how mathematics, data, computer science, and scientific thinking can be used to understand and solve real-world problems. Each year we decode a different domain by breaking complex problems into measurable components to find patterns in data and building computational solutions. This year's theme is DECODE SOUND, exploring the science and technology behind sound through signal processing, Fourier analysis, spectrograms, algorithms, and AI. At the end of every session there is a short technical lesson with a practical experiment or mini-build, allowing members to immediately apply what they learn. No prior coding (we will be doing vibe coding) or music experience is required. The goal to learn how to apply knowledge from different disciplines to problems beyond the classroom",1,tuesday,period11,A208,0,5,0,0,0,0,5,0,0,0,0,0,0,0,0,0,0,0,0,0,0,0,0,0,0,0,2,0,0,0,0,0,0,5,0,0,0,0,0,0,0,0,0,0,0,0,0,0,0,0,0,0,0,0,0,0,0,0,0,0,0,0,0,0,0,0,0,0,0,0,0,0,0,0,0,3,0,0,0,0,0,0,0,0,0,0,0,0,0,0,0,0,0,0,0,0,0,0,0,0,0,0,0,0,0,0,0,0,0,0,0,0,0,0,0,0,0,0,0,0,0,0,0,0,0,0,0
42,Desktop intelligence,SOCIAL Interests and hobbies,"This ECA focus on students’ interest, introducing them to electrical technology and building a robot at final.",1,thursday,period11,A212,0,0,0,0,0,0,0,0,0,0,0,0,0,0,0,0,0,0,0,0,0,0,0,0,0,0,0,0,0,0,0,0,0,0,0,0,0,0,0,3,0,0,0,0,0,0,0,0,0,0,0,0,0,0,0,0,0,0,0,0,7,0,0,0,0,0,0,0,0,0,0,0,0,0,0,0,0,0,0,0,0,0,0,0,0,0,0,0,0,0,0,0,0,0,0,0,0,0,0,7,0,0,0,0,0,0,0,0,0,0,0,0,0,0,3,0,0,0,0,0,0,0,0,0,0,0,0
43,Dodgeball,SPORTS,"The dodgeball club is an organization dedicated to promoting the sport of dodgeball among students at our school. Our club's activities include weekly practices where members can work on their throwing and catching skills, as well as strategy and teamwork. We organize intramural games and pick-up games, which allow members to play in a more casual setting. Additionally, the members of the dodgeball club will be able to participate in the once-in-a-year dodgeball house event, providing our members with the opportunity to showcase their abilities and test their mettle against other players. Overall, our goal is to provide a fun and inclusive environment for students to enjoy the game of dodgeball, while also helping them to improve their physical fitness and teamwork abilities.",1,thursday,lunchtime,B431,0,0,0,0,0,0,0,0,0,0,0,0,0,0,0,0,0,0,0,0,0,0,0,0,0,0,0,0,0,0,0,0,0,0,0,0,10,0,0,0,0,0,0,0,0,0,0,0,0,4,0,0,0,0,0,0,0,0,0,0,0,0,0,0,0,0,0,0,0,0,0,0,0,0,0,0,0,0,0,0,0,0,0,0,0,0,0,0,0,0,0,0,0,0,0,0,0,0,0,0,0,0,0,0,0,0,2,0,0,0,0,0,0,4,0,0,0,0,0,0,0,0,0,0,0,0,0
44,Downbeats,SOCIAL Active and performance,"This ECA is a school band that provides a creative and collaborative space for musicians of all skill levels. Our primary focus is on contemporary and popular music, exploring various genres from rock and pop to jazz and funk. We aim to develop our members' instrumental proficiency, stage presence, and ability to perform as a cohesive unit. We prepare for school events, concerts, and competitions, fostering a sense of community and shared passion for music. The band is a platform for members to express themselves musically, build confidence, and contribute to the school's vibrant cultural life.",5,tuesday,lunchtime,G118,0,0,0,0,0,0,0,0,0,0,0,0,0,0,0,0,0,0,0,0,0,0,0,0,0,4,0,0,0,0,0,0,0,0,0,0,0,0,0,0,0,0,0,0,0,0,0,0,0,0,0,0,0,0,0,0,0,0,0,0,0,0,0,0,0,0,0,0,0,0,0,0,0,0,0,0,0,0,0,0,0,12,0,0,0,4,0,0,0,0,0,0,0,0,0,0,0,0,0,0,0,0,0,0,0,0,0,0,0,0,0,0,0,0,0,0,0,0,0,0,0,0,0,0,0,0,0
45,Dragon's Den: TTRPG society,SOCIAL Media and creative,"Dragon's Den is a platform for SCIE students interested in tabletop roleplaying games such as Dungeons and Dragons to meet new friends and form campaigns. The whole ECA is a network of creativity. Our members post and and exchange art of their characters, discuss theories about lore and worldbuilding, and unleash their inner creative spirits when they roleplay as their characters in our magical, medieval fantasy dungeon.",1,wednesday,lunchtime,A220,0,0,0,0,0,0,0,0,0,0,0,0,0,0,0,0,10,0,0,0,0,0,0,0,0,0,0,0,3,0,0,0,0,0,0,0,0,0,0,0,0,0,0,0,0,0,0,0,0,0,0,0,0,0,0,4,0,0,0,0,0,0,0,3,0,0,0,0,0,0,0,0,0,0,0,0,0,0,0,0,0,0,0,0,0,0,0,0,0,0,0,0,0,0,0,0,0,0,0,0,0,0,0,0,0,0,0,0,0,0,0,0,0,0,0,0,0,0,0,0,0,0,0,0,0,0,0
46,Dynamics of Stories and Mind,ACADEMIC Social sciences,"DSM is a club that intends to focus on the behavioural and developmental aspects of psychology. We aim to expand students' knowledge of various types of psychological experiments by incorporating literature and media into the lessons. The club seeks to explore the psychological theories and disorders reflected in literary and media characters, and explain the experiments done by past psychologists involved with the disorder (e.g Freud with Harry Potter dreams, or tie Pavlov to 1984 by George Orwell). At the end of every session, the club leader and members are encouraged to come up with a short story with characters sharing the same mental health problem. By the end of the semester, the club will compile the stories into a student-produced psychology magazine/journal, joining creative storytelling with rigorous academic insights.",1,tuesday,period11,A415,0,0,0,0,0,0,0,0,0,0,0,0,0,0,0,0,0,0,0,0,0,0,0,0,0,0,0,0,0,0,0,0,0,0,0,0,0,0,0,0,0,0,0,0,0,0,0,0,0,0,0,0,0,0,0,0,0,0,0,0,0,0,0,0,0,0,0,0,0,0,4,0,0,0,0,0,0,0,4,0,0,0,0,0,0,0,0,0,0,0,0,0,0,4,0,0,0,4,0,0,0,0,0,0,0,0,0,0,0,0,0,0,0,0,0,0,0,0,0,0,0,0,0,0,0,4,0
47,E-girls,SPORTS,"Our ECA is a K-pop dance performance group that aims to promote dance culture and provide students with opportunities to develop confidence, creativity, and teamwork through choreography and stage performances. The group will participate in school events such as Halloween activities and SCIE Got Talent Show",1,thursday,period11,G021,0,0,0,0,0,0,0,0,0,0,0,0,0,0,0,0,0,0,0,0,0,0,0,0,0,0,0,0,0,0,0,0,15,0,0,0,0,0,0,0,0,0,0,0,0,0,0,0,0,0,0,0,0,0,0,0,0,0,0,0,0,0,0,0,0,0,0,0,0,0,0,0,0,0,0,0,0,0,0,0,0,0,0,0,0,5,0,0,0,0,0,0,0,0,0,0,0,0,0,0,0,0,0,0,0,0,0,0,0,0,0,0,0,0,0,0,0,0,0,0,0,0,0,0,0,0,0
48,Earth Rangers,ACADEMIC Natural sciences,"This is a geology club where students can explore the forces and processes that shape the Earth. Each secession begins with an intriguing earth mystery. Why do earthquakes and volcanoes occur in plate boundaries? How can seismic waves reveal Earth’s interior? Why are some mountains red? How do glaciers create fjords, and how can ocean temperatures affect weather around the world? We will first go through the basic knowledge of geology such as rock cycle and sedimentary processes. Then we will talk about interesting geographical phenomena and landscapes. Some topics and activities will be selected through member voting, allowing the club to reflect students’ interests. We will use maps, photographs, rock samples, models, real data and group challenges to examine evidence and develop explanations.",3,thursday,period11,A201,0,0,2,0,0,0,0,0,0,0,0,0,0,0,0,0,0,0,0,0,0,0,0,0,0,0,0,0,0,0,0,0,0,0,0,0,0,0,0,0,0,5,0,0,0,0,0,0,0,0,0,0,0,0,0,0,0,0,13,0,0,0,0,0,0,0,0,0,0,0,0,0,0,0,0,0,0,0,0,0,0,0,0,0,0,0,0,0,0,0,0,0,0,0,0,0,0,0,0,0,0,0,0,0,0,0,0,0,0,0,0,0,0,0,0,0,0,0,0,0,0,0,0,0,0,0,0
49,Earth Three-Body Organization,ACADEMIC Languages,"Earth Three-body Organization was founded in 2023. Inspired by the sci-fi ""The Three-body Problem,"" this community was founded to gather enthusiasts of the book, given its widespread influence around the globe. After reforms, we held weekly seminars discussing the literary, scientific and humanitarian aspects of the novel. Everyone will have a nametag, and will be invited by the host to share their thoughts in the seminars. Such activity format was inspired by US liberal arts based education, valuing interdisciplinary, freedom of expression and belonging. Apart from weekly activities, ETO also held projects. In 2024, we attempted to invite the book's author, Mr. Cixin Liu, to give speech at SCIE, but received a kind rejection. Last year, we successfully invited the department head of Astronomy of Sun Yat-sen Univeristy, Prof. Jun Cui, to speak at SCIE, making tangible community impact. Next year, we will be focusing on publishing and creating an archive to the content of our discussion",1,thursday,period11,A416,0,0,0,0,0,0,0,0,0,0,0,0,0,0,0,0,0,0,0,0,0,0,0,0,0,0,0,0,0,0,0,0,0,0,0,0,0,0,0,0,0,0,0,0,0,0,0,0,0,0,0,0,0,0,0,0,0,0,0,0,0,0,0,0,5,0,0,0,0,0,15,0,0,0,0,0,0,0,0,0,0,0,0,0,0,0,0,0,0,0,0,0,0,0,0,0,0,0,0,0,0,0,0,0,0,0,0,0,0,0,0,0,0,0,0,0,0,0,0,0,0,0,0,0,0,0,0
50,Echo,SOCIAL Volunteers and charitable projects,"This ECA combines introductory social‑psychological knowledge with light‑hearted recreational activities to promote accessible mental‑well‑being awareness among students. We deliver beginner‑friendly psychology tips covering emotion regulation, stress management and self‑acceptance, avoiding overly complex academic jargon. Most sessions prioritize entertaining interactive segments, including casual group discussions, mini games and scenario‑sharing, instead of rigid lectures. Members will learn practical, daily‑usable mental‑health skills to recognize personal emotional signals and build healthier mindsets. This activity creates a safe, relaxed peer space, where participants can reduce psychological pressure, understand simple social‑psychological logic, and support one another’s mental wellness in an enjoyable atmosphere.",1,tuesday,period11,A408,0,0,0,0,0,0,0,0,0,0,0,0,0,0,0,0,0,0,0,0,0,0,0,0,0,0,0,0,0,0,0,0,0,0,0,0,0,0,0,0,0,0,0,0,0,0,0,0,0,0,0,0,0,0,0,0,0,0,0,0,0,0,0,0,0,0,0,0,0,0,0,0,0,0,0,0,0,0,5,0,0,0,0,0,5,0,0,0,0,0,0,0,0,5,0,0,0,0,0,0,0,0,0,0,0,0,0,0,0,0,0,0,0,0,0,0,0,0,0,0,0,0,0,5,0,0,0
51,Eduspark,SOCIAL Volunteers and charitable projects,"EduSpark is a student-led education and social impact ECA that aims to make learning more engaging, accessible, and connected to the wider world. Members explore real-world topics such as culture, history, economics, technology, mathematics, sustainability, and global inequality, and transform what they learn into interactive educational activities. Rather than simply volunteering as tutors, members will work collaboratively to design discussion-based lessons, educational games, workshops, and outreach projects for younger students and communities with fewer opportunities to access diverse perspectives. The ECA is built around four principles: curiosity, critical thinking, global perspective, and student empowerment. Members will develop their own ideas, test activities, receive feedback, and improve them through reflection. Our work will include both on-campus educational activities and community outreach, including the EduSpark Shanxi teaching project. Through these experiences, we hope to create a sustainable cycle: students learn, students design, students teach, and students create positive social impact. Ultimately, EduSpark aims to help both our members and the students we reach see a bigger world, think more deeply, and believe that they can make a difference.",1,tuesday,lunchtime,A211,0,0,0,0,0,0,0,0,0,0,0,0,0,0,0,0,0,0,0,0,0,0,0,0,8,0,0,0,0,0,0,0,0,0,0,0,0,0,0,0,0,0,0,0,0,0,0,0,0,0,0,0,0,0,0,0,0,0,0,0,0,0,0,0,0,0,0,0,0,0,0,0,0,0,0,0,0,0,0,0,0,0,0,0,0,0,0,0,0,0,0,0,0,0,0,0,0,0,0,0,0,0,0,0,0,0,0,0,0,0,0,0,9,0,0,0,0,0,0,0,3,0,0,0,0,0,0
52,Electricity& Magnetism Society,ACADEMIC Natural sciences,"This is a club that aims to provide introductory undergraduate level physics course for students interested in physics, especially electricity and magnetism. This course is specially designed with a blend of in depth physics with real life interactive demonstrations that allows students to observe learn physics in reality intuitively. We will be following the greats of the physcis history, building equipments from scratch: E.g battery out of copper coins and vinega, derive Gauss's law and use it to prove where charge sits on a conductor, and by the end of the course studnets will hopefully master three out of the four Maxwell Equations .No prior knowledge is assumed in this course(basic algebra understanding in needed, preknowledge to calculas may be helpful, but will be covered).",1,tuesday,period11,A302,0,0,2,4,0,0,0,0,0,0,0,0,0,0,0,0,0,0,0,0,0,0,0,0,0,0,0,0,0,0,0,0,0,0,0,0,0,0,0,0,0,0,0,0,0,0,0,0,0,0,0,0,0,0,0,0,0,0,0,0,10,0,0,0,0,0,0,0,0,0,0,0,0,0,0,0,0,0,0,0,0,0,0,0,0,0,0,0,0,4,0,0,0,0,0,0,0,0,0,0,0,0,0,0,0,0,0,0,0,0,0,0,0,0,0,0,0,0,0,0,0,0,0,0,0,0,0
53,Electromagnetics & Optics Society,ACADEMIC Natural sciences,"The Electromagnetics & Optics Society is a theory‑oriented club focused on the fundamental principles of electricity, magnetism, and light. Our sessions cover topics such as Ohm’s law, electric fields, potential energy, Lorentz force, magnetic flux, electromagnetic induction, Lenz’s law, motional and induced EMF, photoelectric effect, double‑slit interference, grating diffraction, and half‑wave loss. We meet weekly for guided discussions and problem‑solving sessions. The emphasis is on building a clear conceptual understanding and working through challenging questions together. Simple demonstrations may be included occasionally to help visualize abstract ideas, but the main focus remains on theoretical reasoning and group discussion. Members are encouraged to ask questions and share their thinking. All students with an interest in physics are welcome, regardless of prior background.",1,monday,period11,A411,0,0,3,8,0,0,0,0,0,0,0,0,0,0,0,0,0,0,0,0,0,0,0,0,0,0,0,0,0,0,0,0,0,0,0,0,0,0,0,0,0,0,0,0,0,0,0,0,0,0,0,0,0,0,0,0,0,0,0,0,0,0,0,0,0,0,0,0,0,0,0,0,0,0,0,0,0,0,0,0,0,0,0,0,0,0,0,0,0,9,0,0,0,0,0,0,0,0,0,0,0,0,0,0,0,0,0,0,0,0,0,0,0,0,0,0,0,0,0,0,0,0,0,0,0,0,0
54,English Teaching Club,ACADEMIC Others,"The English Teaching Club is a student-led service club dedicated to making English learning more accessible, engaging, and enjoyable for younger students. Through volunteer teaching, interactive activities, and educational outreach, club members create lessons tailored to students’ different learning needs and interests. Beyond teaching English, ETC aims to build meaningful connections between students and the wider community. Members develop lesson-planning, communication, leadership, and teamwork skills while encouraging younger learners to gain confidence in using English. Through regular classes, community outreach, and creative learning activities, the club strives to make language education more inclusive and empowering.",1,wednesday,lunchtime,A606,0,0,0,0,0,0,0,0,0,0,0,0,0,0,0,0,0,0,0,0,0,0,0,0,6,0,0,0,0,0,0,0,0,0,0,0,0,0,0,0,0,0,0,0,0,0,0,0,0,0,0,0,0,0,0,0,0,0,0,0,0,0,0,0,0,0,0,6,0,0,0,0,0,0,0,0,0,0,0,0,0,0,0,0,0,0,0,0,0,0,0,0,0,0,0,0,0,0,0,0,0,0,0,0,0,0,0,0,0,0,0,0,6,0,0,0,0,0,0,0,2,0,0,0,0,0,0
55,Entrepreneurship Club,ACADEMIC Business and economics,"The Entrepreneurship Club aims to introduce students to both the theoretical and practical sides of entrepreneurship. Inspired by my experience at LaunchX, where I studied entrepreneurial concepts and developed a startup with my team, I wanted to create a space at school for students who are interested in business but may not yet have opportunities to explore entrepreneurship in practice. Through interactive workshops, case discussions, and group projects, members learn how to identify market opportunities, conduct market research, develop value propositions and MVPs, understand basic business models and finance, and pitch ideas effectively. Rather than focusing only on lectures, the club encourages students to apply these concepts to real-world problems. For example, members have discussed developing a platform that connects food-delivery services while providing calorie information, personalized dietary planning, and restaurant recommendations for users with fitness goals. Ultimately, the club hopes to help students become more observant, creative, and analytical problem-solvers while gaining practical experience in turning an initial idea into a viable business concept.",1,tuesday,period11,A210,0,0,0,0,0,0,0,0,0,0,0,0,0,0,0,0,0,2,0,0,0,0,0,0,0,0,0,0,0,0,0,0,0,0,0,0,0,0,6,0,6,0,0,0,0,0,0,0,6,0,0,0,0,0,0,0,0,0,0,0,0,0,0,0,0,0,0,0,0,0,0,0,0,0,0,0,0,0,0,0,0,0,0,0,0,0,0,0,0,0,0,0,0,0,0,0,0,0,0,0,0,0,0,0,0,0,0,0,0,0,0,0,0,0,0,0,0,0,0,0,0,0,0,0,0,0,0
56,Every Girl Can,SPORTS,"Every Girl Can (EGC) is the largest girls’ football club at Shenzhen College of International Education (SCIE), providing a welcoming and supportive space for girls to develop their football skills and passion for the game. Whether you are an experienced player or have never played football before, EGC offers professional training designed to help every member fully develop her skills, build confidence, and enjoy the excitement of playing and competing. Beyond football, it is also a place to meet like-minded young female footballers, make new friends, and become part of a supportive community.",1,tuesday,period11,FBL,0,0,0,0,0,0,0,0,0,0,0,0,0,0,0,0,0,0,0,0,0,0,0,0,0,1,0,0,0,0,0,0,0,0,0,0,0,0,0,0,0,0,0,0,0,0,0,0,0,4,0,9,0,0,0,0,0,0,0,0,0,0,0,0,0,0,0,0,0,0,0,0,0,0,0,0,0,0,0,0,0,0,0,0,0,0,0,0,0,0,0,0,0,0,0,0,0,0,0,0,0,0,0,0,0,0,2,0,0,0,0,0,0,4,0,0,0,0,0,0,0,0,0,0,0,0,0
57,Fanart Club,SOCIAL Interests and hobbies,"Fanart Club is a place where students can make art and share their love for movies, books, games, and other fictional stories. We want to build a friendly space where people with similar interests can talk freely about their favorite characters and worlds. During ECA time, we work together to come up with simple and fun ideas for art, as well as give members prompts and suggestions to help them get started. Students don't need to be a great artist to join, any beginners are welcome too. The club is about having fun, being creative, and meeting new friends who like the same things you do. We also share tips and support each other.",1,thursday,period11,B430,0,0,0,0,0,0,0,0,0,0,0,0,0,0,0,0,0,0,0,0,0,0,0,0,0,0,0,0,4,0,0,0,0,0,0,0,0,0,0,0,0,0,0,0,0,0,0,0,0,0,0,0,0,0,0,0,0,0,0,0,0,0,0,4,0,0,0,0,0,0,0,0,0,0,0,0,0,0,0,0,0,0,0,0,0,0,0,0,0,0,0,0,0,0,0,0,0,0,0,0,0,0,0,0,0,0,0,0,0,0,0,0,0,0,0,0,0,12,0,0,0,0,0,0,0,0,0
58,Feminism Club,ACADEMIC Social sciences,"Feminism Club is a club that promotes gender equality ideals, sharing and communicating gender study theories with other students, and reading materials from different cultural backgrounds.",1,thursday,period11,A419,0,0,0,0,0,0,0,0,0,0,0,0,0,0,0,0,0,0,0,0,0,0,0,0,0,0,0,0,0,0,0,0,0,0,0,0,0,0,0,0,0,0,0,0,0,0,0,0,0,0,0,0,0,0,0,0,9,0,0,0,0,0,0,0,0,0,0,0,0,0,0,0,0,0,0,0,0,0,0,0,0,0,0,0,0,0,0,0,0,0,0,8,0,0,0,0,0,0,0,0,0,0,0,0,3,0,0,0,0,0,0,0,0,0,0,0,0,0,0,0,0,0,0,0,0,0,0
59,Fictional Engineering Club,ACADEMIC Technology and engineering,"Fictional Engineering offers weekly lectures and hands-on workshops covering Engineering Design, Electrical Engineering, Mechanical Engineering, Mechatronics, 3D Modelling, and 3D Printing & Rapid Prototyping. Our project-based approach takes students from fundamental engineering concepts and tool usage to designing, prototyping, and building complete projects.",6,tuesday,period11,A606,0,0,2,0,0,0,0,0,0,0,0,0,0,0,0,0,0,0,0,0,0,0,0,0,0,0,0,0,0,0,0,0,0,0,0,3,0,0,0,4,0,0,0,0,0,0,0,0,0,0,0,0,0,0,0,0,0,0,0,0,8,0,0,0,0,0,0,0,0,0,0,0,0,0,0,0,0,0,0,0,0,0,0,0,0,0,0,0,0,0,0,0,0,0,0,0,0,0,0,0,0,0,0,0,0,0,0,0,0,0,0,0,0,0,3,0,0,0,0,0,0,0,0,0,0,0,0
60,Figure Skating Club,SPORTS,"The Figure Skating Club is a student-led ECA for students interested in figure skating and sports health. During weekly sessions, members will learn about skating techniques, sports rehabilitation, injury prevention, recovery, and mobility. Once or twice each semester, members who are available will have the opportunity to go ice skating together. The club aims to combine the enjoyment of skating with practical knowledge about staying healthy and active in sports.",1,friday,period12,A211,0,0,0,0,0,0,0,0,0,0,0,0,0,0,0,0,0,0,0,0,0,0,0,0,0,0,0,0,0,0,0,0,0,0,0,0,0,0,0,0,0,0,0,0,0,0,9,0,0,4,0,0,0,0,0,0,0,0,0,0,0,1,0,0,0,0,0,0,0,0,0,0,0,0,0,0,0,0,0,0,0,0,0,0,0,0,0,0,0,0,0,0,0,0,0,0,0,0,0,0,0,0,0,0,0,0,2,0,0,0,0,0,0,0,0,0,0,0,0,0,0,0,0,0,4,0,0
61,Flawesome Museum Club,SOCIAL Volunteers and charitable projects,"This ECA uses art and storytelling to explore the imperfections, challenges, and unexpected moments that shape people’s lives. This year, its main focus will be elderly care and the experiences of older adults, using creative expression to encourage students to look beyond stereotypes of aging and understand the people behind them. Students will visit elderly-care communities and related facilities, where they will observe daily life, conduct interviews, and explore topics such as aging, memories, family relationships, loneliness, independence, dignity, and the changing relationship between generations. They will work together to create a documentary that records these experiences and gives elderly participants an opportunity to share their own stories and perspectives. Alongside documentary filmmaking, students will transform what they learn into different forms of art, including photography, painting, writing, illustration, and installation. These works will explore themes such as memory, aging, vulnerability, resilience, and human connection. The creative process will encourage students to reflect on their own assumptions about aging while developing empathy, communication, and storytelling skills. The ECA will culminate in an exhibition combining student artwork, documentary footage, photographs, and other materials collected throughout the project. By bringing these stories to a wider audience, the exhibition will encourage conversations about elderly care and intergenerational understanding, ultimately turning individual stories and everyday experiences into meaningful narratives of connection.",1,friday,period11,B531,0,0,0,0,0,0,0,0,0,0,0,0,0,0,0,0,0,0,0,0,0,0,0,0,6,0,0,0,2,0,0,0,0,0,0,0,0,0,0,0,0,0,0,0,0,0,0,6,0,0,0,0,0,0,0,0,0,0,0,0,0,0,0,0,0,0,0,0,0,0,0,0,0,0,0,0,0,0,0,0,0,0,0,0,0,0,0,0,6,0,0,0,0,0,0,0,0,0,0,0,0,0,0,0,0,0,0,0,0,0,0,0,0,0,0,0,0,0,0,0,0,0,0,0,0,0,0
62,Forensic Science Club,ACADEMIC Natural sciences,"This club provides a platform for students who are interested in forensic science and forensic pathology to share their knowledge. The club bridges classroom theory with real-world forensic practice, fostering both expertise and passion for solving complex cases, in form of lecture and discussion sessions.",1,monday,period11,A406,0,0,2,0,0,0,0,0,0,0,0,0,0,0,0,4,0,0,0,0,0,0,0,0,0,0,0,0,0,0,0,0,0,0,0,0,0,0,0,0,0,0,0,0,0,0,0,0,0,0,0,0,10,0,0,0,0,0,0,0,0,0,0,0,0,0,0,0,0,0,0,0,0,0,0,0,0,4,0,0,0,0,0,0,0,0,0,0,0,0,0,0,0,0,0,0,0,0,0,0,0,0,0,0,0,0,0,0,0,0,0,0,0,0,0,0,0,0,0,0,0,0,0,0,0,0,0
63,Formula One Club,SOCIAL Interests and hobbies,I want to construct a community in the SCIE about the Formula 1. I want to offer a place for fans in the campus to communicate with each other and share their understanding as well as their enthusiasm towards the sport.,1,thursday,period11,A510,0,0,0,0,0,0,0,0,0,0,0,0,0,0,0,0,0,0,0,0,0,0,0,0,0,0,0,0,0,0,0,0,0,0,0,0,0,0,0,0,0,0,0,0,0,0,0,0,0,0,0,0,0,0,0,0,0,0,0,0,0,0,0,4,0,0,0,0,0,0,0,0,0,0,0,0,0,0,0,0,12,0,0,0,0,0,0,0,0,0,0,0,0,0,0,0,0,0,0,0,0,0,0,0,0,0,4,0,0,0,0,0,0,0,0,0,0,0,0,0,0,0,0,0,0,0,0
64,French Film,SOCIAL Interests and hobbies,"The French Film ECA is a space for students to watch and discuss a wide range of French-language films together. Through films from different genres, periods, and French-speaking regions, members will explore French culture, society, history, and cinematic aesthetics. After each film, members will be encouraged to share their personal views and interpretations in a friendly and open discussion. We believe that listening to different opinions can help us notice details and perspectives that we may have missed on our own. Through these discussions, we hope to develop a deeper appreciation of cinema and a more thoughtful way of viewing the world. The ECA welcomes everyone, regardless of their level of French or previous knowledge of film. English subtitles will be provided when necessary. Our main aim is to enjoy French-language cinema together while learning from the films and from one another.",4,wednesday,lunchtime,A402,0,0,0,0,0,0,0,0,0,0,0,0,0,0,0,0,0,0,0,0,0,0,0,0,0,0,0,0,0,3,0,0,0,0,0,0,0,0,0,0,0,0,0,0,0,0,0,9,0,0,0,0,0,0,0,0,0,0,0,0,0,0,0,0,0,0,0,8,0,0,0,0,0,0,0,0,0,0,0,0,0,0,0,0,0,0,0,0,0,0,0,0,0,0,0,0,0,0,0,0,0,0,0,0,0,0,0,0,0,0,0,0,0,0,0,0,0,0,0,0,0,0,0,0,0,0,0
65,FunTrade,SOCIAL Interests and hobbies,"FunTrade is a friendly ECA for beginners that aims to awake students’ awareness and interest in finance. By introducing basic financial concepts, investment knowledge and real-world financial events, the club helps students develop financial thinking and understand how finance connects with everyday life.",1,friday,period11,A401,0,0,0,0,0,0,0,0,0,0,0,0,0,0,0,0,0,0,0,0,0,0,0,0,0,0,0,0,0,0,0,0,0,0,0,0,0,0,6,0,0,0,0,0,0,0,0,0,7,0,0,0,0,0,0,0,0,0,0,0,0,0,0,0,0,7,0,0,0,0,0,0,0,0,0,0,0,0,0,0,0,0,0,0,0,0,0,0,0,0,0,0,0,0,0,0,0,0,0,0,0,0,0,0,0,0,0,0,0,0,0,0,0,0,0,0,0,0,0,0,0,0,0,0,0,0,0
66,Fundamental Physics Club,ACADEMIC Natural sciences,"The Theoretical Physics Club is a student-led academic ECA designed to introduce students to fundamental physics that can help consolidate their background knowledge. We will not delve into very complicated topics, and members are only required to know P1 Calculus. Using Physics for Scientists and Engineers (6th Edition) by Paul A. Tipler and Gene Mosca as our main textbook, we explore fundamental concepts through a combination of guided teaching, mathematical derivations, conceptual discussions, and challenging problem-solving. The club will cover major areas of physics including mechanics, oscillations and waves, thermodynamics, electromagnetism, optics, and introductory modern physics. Sessions will be interactive, where members are encouraged to discuss and challenge each other with their own understandings. It will operate more likely as a study group rather than lecture-based classes.",8,thursday,period11,A617,0,0,2,6,0,0,0,0,0,0,0,0,0,0,0,0,0,0,0,0,0,0,0,0,0,0,0,0,0,0,0,0,0,0,0,0,0,0,0,0,0,0,0,0,0,0,0,0,0,0,0,0,0,0,0,0,0,0,0,0,0,0,0,0,0,0,0,0,0,0,0,0,0,0,0,6,0,0,0,0,0,0,0,0,0,0,0,0,0,6,0,0,0,0,0,0,0,0,0,0,0,0,0,0,0,0,0,0,0,0,0,0,0,0,0,0,0,0,0,0,0,0,0,0,0,0,0
67,Gastronomie,SOCIAL Interests and hobbies,"This ECA is an interdisciplinary club integrating food history, food politics, cultural anthropology and practical culinary techniques. It moves beyond casual food‑tasting activities. Members explore how ingredients travelled across empires, how food reflects power structures, social stratification and global trade. We also cover classical cooking fundamentals alongside avant‑garde modernist cuisine including molecular gastronomy.",1,thursday,lunchtime,A507,0,0,0,0,0,0,0,0,0,7,0,0,0,0,0,0,0,0,0,0,0,0,0,0,0,0,0,0,0,3,0,0,0,0,0,0,0,0,0,0,0,0,0,0,0,0,0,0,0,0,3,0,0,0,0,0,0,0,0,0,0,0,7,0,0,0,0,0,0,0,0,0,0,0,0,0,0,0,0,0,0,0,0,0,0,0,0,0,0,0,0,0,0,0,0,0,0,0,0,0,0,0,0,0,0,0,0,0,0,0,0,0,0,0,0,0,0,0,0,0,0,0,0,0,0,0,0
68,Geographical Society,ACADEMIC Social sciences,"Some extended and advanced content on IGCSE geography and homemade case studies, helping students to broaden their knowledge and revise their classwork on geography. Part of the contents may be given according to AS, AP or AL geography. Non-geography students can also learn about geography in the ECA. Sometimes games can be held for students to learn geography. In addition, sometimes quiz games about geography will be held during our ECA class.",1,monday,period11,A207,0,0,0,0,4,0,0,0,0,0,0,0,0,0,0,0,0,0,0,0,0,0,0,0,0,0,0,0,0,0,0,0,0,0,0,0,0,0,0,0,0,0,0,0,0,0,0,0,0,0,0,0,0,0,0,0,0,12,0,0,0,0,0,0,0,0,0,0,0,0,0,0,0,0,0,0,0,0,0,0,0,0,0,0,0,0,0,0,0,0,0,0,0,0,0,0,0,0,0,0,0,0,0,0,4,0,0,0,0,0,0,0,0,0,0,0,0,0,0,0,0,0,0,0,0,0,0
69,GirlUp SCIE,ACADEMIC Social sciences,"Girl Up is a student-led club dedicated to promoting gender equality and creating a space for students to learn, discuss, and take action on issues affecting girls and women. Through discussions during club session, volunteering work with non-profit communities and yearly summits, we hope to turn awareness into meaningful action. Whether you are passionate about gender equality or simply curious to learn more, Girl Up is a place to share your voice, hear different perspectives, and make a difference within and beyond our school community.",1,wednesday,lunchtime,A216,0,0,0,0,0,0,0,0,0,0,0,0,0,0,0,0,0,0,0,0,0,0,0,0,7,0,0,0,0,0,0,0,0,0,0,0,0,0,0,0,0,0,0,0,0,0,0,0,0,0,0,0,0,0,0,0,7,0,0,0,0,0,0,0,0,0,0,0,0,0,0,0,0,0,0,0,0,0,0,0,0,0,0,0,0,0,0,0,0,0,0,0,0,0,0,0,0,0,0,0,0,0,0,0,3,0,0,0,0,0,0,0,0,0,0,0,0,0,0,0,3,0,0,0,0,0,0
70,Girls Basketball Club,SPORTS,"Plan to organize basketball training every Monday afternoon for girls who would like to learn and play basketball. Leading by PE teachers, this club is also aiming to train and prepare for the upcoming tryout of the school varsity team. Giving every students in SCIE an opportunity to enjoy playing basketball, the club has already have more than 3 years of history and has proficient experiences.",1,monday,period11,BBL,0,0,0,0,0,0,0,0,0,0,0,0,0,9,0,0,0,0,0,0,0,0,0,0,0,1,0,0,0,0,0,0,0,0,0,0,0,0,0,0,0,0,0,0,0,0,0,0,0,4,0,0,0,0,0,0,0,0,0,0,0,0,0,0,0,0,0,0,0,0,0,0,0,0,0,0,0,0,0,0,0,0,0,0,0,0,0,0,0,0,0,0,0,0,0,0,0,0,0,0,0,0,0,0,0,0,2,0,0,0,0,0,0,4,0,0,0,0,0,0,0,0,0,0,0,0,0
71,Glow & Grow,SOCIAL Media and creative,"Glow & Grow is a student-led club that fosters confidence, wellness, and creativity within the school community. The teenage years are often marked by self-doubt, insecurities, and pressure from societal standards. Our club provides a safe and uplifting environment where students can strengthen their psychological resilience, developing a healthier relationship with themselves and others, and also providing professional guidance to enhance self-care skills, therefore enhancing confidence. Through activities in confidence-building, journaling, self-expression and stress management, our eca “Glow & Grow” aims to spread positivity throughout the school’s atmosphere. By helping members feel comfortable in their own appearance and encouraging self-acceptance, the club contributes to a more supportive, empathetic, and confident student body. The ultimate goal is not only personal growth for members, but also the creation of a school-wide culture of encouragement, self-belief, and community care.",1,monday,period11,A208,0,0,0,0,0,0,0,0,0,0,0,0,0,0,0,0,0,0,0,0,0,0,0,0,0,0,0,0,0,0,0,0,0,0,0,0,0,0,0,0,0,0,0,0,0,0,0,0,0,0,0,0,0,0,0,0,0,0,0,0,0,0,0,0,0,0,0,0,0,0,0,0,0,0,0,0,0,0,6,0,0,0,0,0,6,0,2,0,0,0,0,0,0,0,0,0,0,0,0,0,0,0,0,0,0,0,0,0,0,0,0,0,0,0,0,0,0,0,0,0,0,0,0,6,0,0,0
72,Great Books Society,ACADEMIC Languages,"Great Books Society is a student-led reading and discussion club for students interested in philosophy, literature, history, politics, and the fundamental questions of human life. Each week, members will read a short text or selected excerpts from an influential work and discuss a central question raised by it: What is justice? What makes a good life? Are we truly free? What do we owe to others? What makes political authority legitimate? Possible readings will include works by Plato, Aristotle, Confucius, Shakespeare, John Stuart Mill, Nietzsche, Hannah Arendt, and other major thinkers and writers from different intellectual traditions. No previous knowledge of philosophy is required, and readings will be kept manageable and accessible. Meetings will combine close reading, guided discussion, short debates, thought experiments, and student-led presentations. Rather than looking for one “correct” interpretation, members will learn to question assumptions, examine arguments, listen carefully to different perspectives, and develop their own reasoned responses to enduring human questions.",1,thursday,period11,A211,0,0,0,0,0,0,0,0,0,0,0,0,0,0,0,0,0,0,0,0,0,0,0,0,0,0,0,0,0,0,0,0,0,0,0,0,0,0,0,0,0,0,0,0,0,0,0,0,0,0,0,0,0,0,0,0,0,0,0,0,0,0,6,0,2,0,0,0,0,0,6,0,0,0,0,0,0,0,0,0,0,0,0,0,0,0,0,6,0,0,0,0,0,0,0,0,0,0,0,0,0,0,0,0,0,0,0,0,0,0,0,0,0,0,0,0,0,0,0,0,0,0,0,0,0,0,0
73,GreenRoot Society,ACADEMIC Others,"GreenRoot Society is a student-led community dedicated to exploring the connections between environmental change and human health—starting with soil. Our journey begins with personal story from Fujian, where agricultural pollution have harmed local farmland, showing the hidden urgency of soil protection. Members will then participate in the Out of Eden Learn – Introduction to Planetary Health learning journey, inspired by Paul Salopek’s slow journalism walk around the world. Through four “Footsteps,” we will: 1. Observe – Take mindful walks in our communities to notice and record environmental and health-related changes. 2. Connect – Build concept maps linking environmental changes such as pollution or biodiversity loss with specific human health impacts. 3. Investigate – Focus on one planetary health issue, research it through observation, interviews, and reliable resources, and share findings. 4. Act – Identify daily choices that affect planetary health and create advocacy resources to inspire change. Through GreenRoot Society, students will combine observation, scientific thinking, and storytelling to become thoughtful, informed advocates for the planet—proving that local actions can contribute to global health.",3,monday,period13,A506,0,0,0,0,0,0,0,0,0,0,0,0,0,0,0,0,0,0,0,0,0,0,0,0,6,0,0,0,0,0,0,0,0,0,0,0,0,0,0,0,0,6,0,0,0,0,0,0,0,0,0,0,0,0,0,0,0,0,0,0,0,2,0,0,0,0,0,0,0,0,0,0,0,0,0,0,0,0,0,0,0,0,0,0,0,0,0,0,0,0,0,0,0,0,0,0,0,6,0,0,0,0,0,0,0,0,0,0,0,0,0,0,0,0,0,0,0,0,0,0,0,0,0,0,0,0,0
74,HEART BEAT,ACADEMIC Social sciences,"Our club is open to students from all disciplines who have an interest in understanding human personality psychology. We welcome anyone eager to explore the intricacies of psychology and introduce our club members to a wide range of professional knowledge on psychology, including Typology, personality psychology, analytical psychology and psychodynamic. Our club members are able to enjoy activities including lectures and workshops, as ECA leaders will share their research and insights on various topics related to psychology. Besides, they can also join volunteering projects that helps in explore psychology more in actions. Members can discuss theories with practical examples in reality to gain a better understanding. Our original objectives are to build a comprehensive understanding of psychology and to create an interactive environment where members can discuss and explore various aspects of psychology. Moreover, we also aim to help members gain a deeper understanding of their own personalities and foster personal growth. Join our club to delve into the fascinating world of personality psychology, connect with passionate peers, and listen to the heartbeat from every personality type.",1,monday,period12,B221,0,0,0,0,0,0,0,0,0,0,0,0,0,0,0,0,0,0,0,0,0,0,0,0,0,0,0,0,0,0,0,0,0,0,0,0,0,0,0,0,0,0,0,0,0,0,0,0,0,0,0,0,0,0,0,0,0,0,0,0,0,0,0,0,0,0,0,0,0,0,0,0,0,0,0,0,0,0,0,0,0,0,0,0,0,0,4,0,0,0,0,0,0,12,0,0,0,0,0,0,0,0,0,0,4,0,0,0,0,0,0,0,0,0,0,0,0,0,0,0,0,0,0,0,0,0,0
75,HELPHANT,SOCIAL Volunteers and charitable projects,"HELPHANT is a student-led organization dedicated to raising awareness of elephant conservation, and broader environmental issues and animal welfare through education, art, and public engagement. Through social media campaigns, educational activities, and charity sales, we aim to help more people understand the challenges facing elephants and encourage meaningful action to support international conservation efforts. Beyond animal protection, HELPHANT also seeks to make community service more inclusive by creating opportunities for people from different backgrounds to participate, express themselves, and contribute to society. We believe that small actions can connect people and create lasting impact.",1,monday,period11,A302,0,0,0,0,0,0,0,5,0,0,0,0,0,0,0,0,0,0,5,0,0,0,0,0,5,0,0,0,0,0,0,0,0,0,0,0,0,0,0,0,0,5,0,0,0,0,0,0,0,0,0,0,0,0,0,0,0,0,0,0,0,0,0,0,0,0,0,0,0,0,0,0,0,0,0,0,0,0,0,0,0,0,0,0,0,0,0,0,0,0,0,0,0,0,0,0,0,0,0,0,0,0,0,0,0,0,0,0,0,0,0,0,0,0,0,0,0,0,0,0,0,0,0,0,0,0,0
76,Heartbreak Vaccine Club,SOCIAL Volunteers and charitable projects,"The Heartbreak Vaccine Club is a student organization dedicated to promoting mental health and well-being on campus. Through peer mentoring, we provide a safe, supportive, and non-judgmental space where students can share their struggles with academics, relationships, and everyday life. Our members are trained in basic counseling and active listening skills, fostering empathy and understanding. Beyond one-on-one support, we also run a public platform to share accessible psychology knowledge and practical strategies for emotional resilience. Our mission is to normalize conversations around mental health and to build a campus culture of care, empathy, and connection.",1,thursday,period11,A220,0,0,0,0,0,0,0,0,0,0,0,0,0,0,0,0,0,0,0,0,0,0,0,0,0,0,0,0,0,0,0,0,0,0,0,0,0,0,0,0,0,0,0,0,0,0,0,0,0,0,0,0,0,0,0,0,0,0,0,0,0,0,0,0,0,0,0,0,0,0,0,0,0,0,0,0,0,0,7,0,0,0,0,0,7,0,0,0,0,0,0,0,0,6,0,0,0,0,0,0,0,0,0,0,0,0,0,0,0,0,0,0,0,0,0,0,0,0,0,0,0,0,0,0,0,0,0
77,Helping Unique Growing Souls,SOCIAL Volunteers and charitable projects,"HugS(Helping Unique Growing Souls) is determined to provide help for the children with physical disabilities by multiple methods, for example, advocacy, education, and hands-on volunteer activities. Children with disabilities include those with physical disabilities, intellectual or cognitive disorders, and neurodevelopmental disorders such as autism spectrum disorder. Although awareness of providing special education to those children has improved in recent years, the phenomenon of a lack of public understanding, social stigma, and limited opportunities for accessing inclusive education persists. As a result, the primary aim of our club would be to improve their situation in society in the long term and provide common knowledge of them to those with limited understanding. By collaborating with local welfare centers, we want to provide more meaningful social engagement for students and the community so that they are able to engage with these special children and understand their special situation and lived experiences. Members are also encouraged to participate in awareness campaigns and the promotion of special education.",1,wednesday,lunchtime,A408,0,0,0,0,0,0,0,0,0,0,0,0,0,0,0,0,0,0,0,0,0,0,0,0,9,0,0,0,0,0,0,0,0,0,0,0,0,0,0,0,0,0,0,0,0,0,0,0,0,0,0,0,0,0,0,0,0,0,0,0,0,0,0,0,0,0,0,0,0,0,0,0,0,0,0,0,0,0,0,0,0,0,0,0,0,0,0,0,0,0,0,0,0,0,0,0,0,0,0,0,0,0,0,0,0,0,0,0,0,0,0,0,8,0,0,0,0,0,0,0,3,0,0,0,0,0,0
78,Hermanity,ACADEMIC Social sciences,"Humanities and Female Lens are two key words for this ECA. Humanities play a crucial role in our lives, especially in the world we now live in. Without literature, history, or philosophy, STEM would become lifeless numbers. Therefore, recognizing the importance of the humanities and how it influences our world is essential for personal and societal growth. In order to understand humanities, we have to approach it with different perspectives. Although there are several ECAs that focus on humanities, this ECA stands out as unique because it offers knowledge through a new, female perspective. Due to gender inequality, many influential women have been overlooked, and their contributions often went unrecognised. ‘Hermanity’ aims to help students appreciate the value of the humanities through a female lens and foster students’ critical thinking, collaboration, and public speaking skills. We thrive to reverse the stereotypes linked with humanities and overcome difficulties in reading and writing. Overall, we aim to foster student’s intrinsic motivations by giving members the opportunities to learn, and offer them a new lens when viewing our world.",1,monday,lunchtime,A201,0,0,0,0,0,0,0,0,0,0,0,0,0,0,0,0,0,0,0,0,0,0,0,0,0,0,0,0,0,0,0,0,0,0,0,0,0,0,0,0,0,0,0,0,0,0,0,0,0,0,0,0,0,0,0,0,5,0,0,0,0,0,4,0,2,0,0,0,0,0,5,0,0,0,0,0,0,0,0,0,0,0,0,0,0,0,0,4,0,0,0,0,0,0,0,0,0,0,0,0,0,0,0,0,0,0,0,0,0,0,0,0,0,0,0,0,0,0,0,0,0,0,0,0,0,0,0
79,ISL BOYS VOLLEYBALL,SPORTS,ECA for ISL Boys team,0,monday,period11,H100A,0,0,0,0,0,0,0,0,0,0,0,0,0,0,0,0,0,0,0,0,0,0,0,0,0,2,0,0,0,0,0,0,0,0,0,0,0,0,0,0,0,0,0,0,0,0,0,0,0,0,0,0,0,0,0,0,0,0,0,0,0,0,0,0,0,0,0,0,0,0,0,0,0,0,0,0,0,0,0,0,0,0,0,0,0,0,0,0,0,0,0,0,0,0,0,0,0,0,0,0,0,0,0,0,0,0,2,0,0,0,0,0,0,4,0,0,0,0,0,12,0,0,0,0,0,0,0
80,ISL GIRLS VOLLEYBALL,SPORTS,ECA for the School Volleyball team,0,tuesday,period11,H100,0,0,0,0,0,0,0,0,0,0,0,0,0,0,0,0,0,0,0,0,0,0,0,0,0,2,0,0,0,0,0,0,0,0,0,0,0,0,0,0,0,0,0,0,0,0,0,0,0,0,0,0,0,0,0,0,0,0,0,0,0,0,0,0,0,0,0,0,0,0,0,0,0,0,0,0,0,0,0,0,0,0,0,0,0,0,0,0,0,0,0,0,0,0,0,0,0,0,0,0,0,0,0,0,0,0,2,0,0,0,0,0,0,4,0,0,0,0,0,12,0,0,0,0,0,0,0
81,Integrated Strategies Strategies Integrated,ACADEMIC Others,"Integrated Strategies Strategies Integrated is an ECA that explores how history can be learned, represented and debated through video games, board games and strategy games. Members will look at how games set in different periods, such as Ancient Rome, medieval kingdoms, the World Wars or the Cold War, present historical events, leaders, societies and conflicts. We will discuss what games get right, what they simplify, and how game design influences our understanding of the past. Students will also try short challenges such as analysing historical accuracy, comparing games with real sources, and designing their own mini history game concepts. This ECA combines academic discussion with interactive activities, making history more engaging and memorable. It is suitable for students who enjoy history, gaming, storytelling, strategy and critical thinking.",1,monday,period12,A201,0,0,0,0,0,0,0,0,0,0,0,0,0,0,0,0,6,0,0,0,0,0,0,0,0,0,0,0,0,0,0,0,0,0,0,0,0,0,0,0,0,0,0,0,0,0,0,0,0,0,0,0,0,0,0,2,0,0,0,0,0,0,6,0,0,0,0,0,0,0,0,0,0,0,0,0,0,0,0,0,0,0,0,0,0,0,0,0,0,0,0,0,0,0,0,0,0,0,0,0,0,0,0,0,0,0,0,6,0,0,0,0,0,0,0,0,0,0,0,0,0,0,0,0,0,0,0
82,InvestNow,ACADEMIC Business and economics,"InvestNow aims to make finance accessible, practical, and intellectually engaging, especially for students with little or no prior experience. Through interactive lessons, real-world cases, portfolio simulations, and discussions of current financial news, members will gradually develop the ability to understand businesses, interpret basic financial information, evaluate risk and return, and form their own investment opinions. The semester will culminate in a stock pitch, where students apply what they have learned to research, analyze, and defend an investment idea. Following feedback from previous members, we have redesigned our curriculum to provide a much stronger foundation before introducing advanced material. In addition, our experienced academic team, with strong results in national and international economics and investment competitions, also offers optional advanced sessions covering topics such as DCF valuation, portfolio and risk modelling, and derivatives. Beyond weekly teaching, InvestNow has already developed into a wider platform for financial education and student collaboration. We have organized two inter-school investment competitions involving students from schools spanning Suzhou to Shenzhen, collaborated with the Global Citizenship team to present social-enterprise projects during Sustainability Week, and have been invited to serve as one of the organizing societies for a seven-school Greater Bay Area investment competition.",1,monday,period11,A220,0,0,0,0,0,0,0,0,0,0,0,0,0,0,0,0,0,2,0,0,0,0,0,0,0,2,0,0,0,0,0,0,0,0,0,0,0,0,5,0,0,0,0,0,0,0,0,0,6,0,0,0,0,0,0,0,0,0,0,0,0,0,0,0,0,5,0,0,0,0,0,0,0,0,0,0,0,0,0,0,0,0,0,0,0,0,0,0,0,0,0,0,0,0,0,0,0,0,0,0,0,0,0,0,0,0,0,0,0,0,0,0,0,0,0,0,0,0,0,0,0,0,0,0,0,0,0
83,IoT Business Simulator,ACADEMIC Others,"We are a student-led club where technology meets entrepreneurship. Members from engineering, business, design, and other backgrounds work together to turn real-world problems into IoT products using ESP32 and other accessible technologies. From identifying a problem and conducting market research to designing, prototyping, testing, and marketing a product on real world platforms, members experience the complete journey from idea to product. In addition, we design activities that directly focus on benefiting your US application, blending ideas of leadership, creativity, and social impacts.",2,thursday,period11,A216,0,0,0,0,0,0,0,0,0,0,0,0,0,0,0,0,0,2,0,0,0,0,0,0,0,0,0,0,0,0,0,0,0,0,0,0,0,0,0,3,3,0,0,0,0,0,0,0,0,0,0,0,0,0,0,0,0,0,0,0,8,0,0,0,0,0,0,0,0,0,0,0,0,0,0,0,0,0,0,0,0,0,0,0,0,0,0,0,0,0,0,0,0,0,0,0,0,0,0,0,0,0,0,0,0,0,0,0,0,0,0,0,0,0,4,0,0,0,0,0,0,0,0,0,0,0,0
84,JGG,SOCIAL Active and performance,"JGG is a music club built on joy, energy, and good vibes. The name comes from the Chinese “Jiao Gao Gao,” meaning “standing on tiptoes and reaching higher.” It also stands for “Just Get Groovy.” We are a group of music lovers who enjoy playing, creating, and jamming together. Our style blends rock, pop, and indie influences. We rehearse regularly, write original songs, and perform at campus and city events. We believe making music should be fun, not stressful. Whether you play an instrument or just love to sing and listen, everyone is welcome. Join JGG, get groovy, and turn the volume up!",1,thursday,period11,G117,0,0,0,0,0,0,0,0,0,0,0,0,0,0,0,0,0,0,0,0,0,0,0,0,0,0,0,0,4,0,0,0,0,0,0,0,0,0,0,0,0,0,0,0,0,0,0,0,0,0,0,0,0,0,0,0,0,0,0,0,0,0,0,0,0,0,0,0,0,0,0,0,0,0,0,0,0,0,0,0,0,12,0,0,0,4,0,0,0,0,0,0,0,0,0,0,0,0,0,0,0,0,0,0,0,0,0,0,0,0,0,0,0,0,0,0,0,0,0,0,0,0,0,0,0,0,0
85,JUNE East Asian Dialogue,SOCIAL Interests and hobbies,"Our club focus on the contemporary and traditional cultural expressions across East Asia, especially on literature, comics, visual storytelling, fan culture, and other forms of popular media. Through close reading and cross-cultural discussion, members will examine how cultural works reflect the cultural environments in which they are created. The club aims to explore the broader ideas and social changes embedded within them, while also considering similarities and differences across different regions and cultural contexts.",1,friday,period11,A414,0,0,0,0,0,0,0,0,0,0,0,0,0,0,0,0,0,0,0,0,0,0,0,0,0,0,0,0,3,4,0,0,0,0,0,0,0,0,0,0,0,0,0,0,0,0,0,0,0,0,0,0,0,0,0,0,0,0,0,0,0,0,0,0,0,0,0,0,0,0,10,0,0,0,0,0,3,0,0,0,0,0,0,0,0,0,0,0,0,0,0,0,0,0,0,0,0,0,0,0,0,0,0,0,0,0,0,0,0,0,0,0,0,0,0,0,0,0,0,0,0,0,0,0,0,0,0
86,Latino Dance Club,SPORTS,"The Latino Dance Club aims to gather students passionate about or interested in Latin dance. We will meet weekly to practice moves, learn choreography, and prepare performances for school events. Members will train in a variety of Latin dance styles, including Cha-cha, Rumba, Samba, Paso doble and Jive. This club seeks to foster teamwork, confidence, and a love for dance among members. Whether refining technique by diving deeper into Latin rhythm and movement or discovering a new hobby，members will thrive in an inclusive, lively, and ‘Latino’ environment.",2,tuesday,period11,G021,0,0,0,0,0,0,0,0,0,0,0,0,0,0,0,0,0,0,0,0,0,0,0,0,0,0,0,0,0,0,0,0,15,0,0,0,0,0,0,0,0,0,0,0,0,0,0,0,0,0,0,0,0,0,0,0,0,0,0,0,0,0,0,0,0,0,0,0,0,0,0,0,0,0,0,0,0,0,0,0,0,0,0,0,0,5,0,0,0,0,0,0,0,0,0,0,0,0,0,0,0,0,0,0,0,0,0,0,0,0,0,0,0,0,0,0,0,0,0,0,0,0,0,0,0,0,0
87,Lego World Monuments,SOCIAL Interests and hobbies,"LEGO World Monuments is a creative, hands-on after-school club where students explore famous landmarks and monuments from around the world and recreate them using LEGO bricks. The club is ideal for students who enjoy LEGO, building, architecture, travel, history and discovering fascinating places around the world. They HAVE to complete this Cathédrale Notre-Dame de Paris LEGO thing before the end of my days!!!!!!!!!",0,monday,period11,B427,0,0,0,0,0,0,0,0,0,0,0,0,0,0,0,0,0,0,0,0,0,0,0,0,0,0,0,4,0,0,0,0,0,0,0,3,0,0,0,0,0,0,0,0,0,0,0,0,0,0,0,0,0,0,0,0,0,0,0,0,9,0,4,0,0,0,0,0,0,0,0,0,0,0,0,0,0,0,0,0,0,0,0,0,0,0,0,0,0,0,0,0,0,0,0,0,0,0,0,0,0,0,0,0,0,0,0,0,0,0,0,0,0,0,0,0,0,0,0,0,0,0,0,0,0,0,0
88,Life Pawnshop,SOCIAL Interests and hobbies,"Life Pawnshop is an ECA focusing on scientific self-exploration through cognitive psychology and community building. Instead of relying on superficial and changeable personality tests such as MBTI, this club uses psychological theories, cognitive bias experiments, value-choice games and movie analysis to help students identify what combination of personality traits makes them who they are, inner goals they might not have recognized yet, and subconscious preferences. I hope to create a safe space for students to “drop the mask”, see their true selves, and learn to build a psychological defense system against external stressors. At Life Pawnshop, we will try to be honest, even if that means we are unsure, confused, and even awkward. But we will walk out braver and more confident.",3,monday,period11,A401,0,0,0,0,0,0,0,0,0,0,0,0,0,0,0,0,0,0,0,0,0,0,0,0,0,0,0,0,0,0,0,0,0,0,0,0,0,0,0,0,0,0,0,6,0,0,0,0,0,0,0,0,0,0,0,0,0,0,0,0,0,0,0,0,0,0,0,0,0,0,0,0,0,0,0,0,0,0,0,0,0,0,0,0,6,0,2,0,0,0,0,0,0,6,0,0,0,0,0,0,0,0,0,0,0,0,0,0,0,0,0,0,0,0,0,0,0,0,0,0,0,0,0,0,0,0,0
89,Life-Health Club,ACADEMIC Health and wellbeing,"There is no prior competition experience is required—students in grades 9–11 who are passionate about biology, public health, or social service are all welcome! We prioritize hands-on practice over lectures, applying classroom knowledge to real-world problems—focusing on aging populations, home environmental hygiene, mental and physical health among seniors, child left-behind health, and youth public health. You’ll experience the full project lifecycle: from research design and fieldwork to community education. You’ll build authentic, application-ready materials, portfolios, and research outcomes for U.S. college admissions. The club offers diverse roles that support academic profiles—whether you excel at lab work, writing, interviews, or data analysis, there’s a place for you.",1,monday,period11,A206,0,0,0,0,0,0,0,0,0,0,0,0,0,0,0,6,0,0,0,0,0,0,0,0,6,0,0,0,0,0,0,0,0,0,0,0,0,0,0,0,0,0,0,0,0,0,0,0,0,0,0,0,0,0,0,0,0,0,0,0,0,2,0,0,0,0,0,0,0,0,0,0,0,0,0,0,0,0,0,0,0,0,0,0,0,0,0,0,0,0,0,0,0,0,0,0,0,6,0,0,0,0,0,0,0,0,0,0,0,0,0,0,0,0,0,0,0,0,0,0,0,0,0,0,0,0,0
90,Luminara Detectives Club,SOCIAL Interests and hobbies,"This is a platform for all detective fans in SCIE.Here you can learn detective knowledge that you might ever know, we provide lectures about detective culture and criminology (such as Criminal Psychology Lesson and Detective culture history).However the club is more about interest rather than theorist things! We play logic-reasoning games and hold Detective novel discussion regularly.Sometimes we watch detective movies together. Moreover we will plan some activity face to whole school like the detective game that we did last year on Halloween Night.",1,monday,period11,B423,0,0,0,0,0,0,0,0,0,0,0,0,0,0,0,0,0,0,0,0,0,0,0,0,0,0,0,0,0,0,0,0,0,0,0,0,0,0,0,0,0,0,0,0,0,0,0,0,0,0,0,0,0,0,0,0,0,0,0,0,0,0,0,3,0,0,0,0,0,0,0,0,0,0,0,0,0,0,0,0,0,0,0,0,0,0,0,0,0,0,0,0,0,9,0,0,0,0,0,0,0,0,0,0,0,0,0,8,0,0,0,0,0,0,0,0,0,0,0,0,0,0,0,0,0,0,0
91,Machine Learning and Artificial Intelligence Club (MLxAI),ACADEMIC Mathematics and computer sciences,"SCIE ML×AI is a hands-on AI and data science ECA open to students with or without prior machine-learning experience. It develops members through three connected areas: Data Science, using Kaggle competitions to learn data analysis, validation, modelling and submission; AI Olympiads, using NOAI/IOAI-style problems to build deep-learning intuition and problem-solving insight; and Agentic Engineering, using prompts(a.k.a Agentic Skills), coding agents and multi-agent systems to implement AI models efficiently. No prior experience with coding is required as members will not copy code line by line. AI tools handle much of the implementation, while students define tasks, run experiments, evaluate results and decide how to improve their models. Seven guided sessions establish shared foundations in agent setup, tabular modelling, NLP, computer vision, Transformers and multimodal learning. The ECA then continues as a collaborative problem-solving lab using real datasets and competition tasks. Members may work independently or in teams, prepare competition submissions and present their methods, results and lessons to the school community.",1,tuesday,period11,B433,0,5,0,0,0,0,0,0,0,0,0,0,0,0,0,0,0,0,0,0,0,0,0,0,0,1,2,0,0,0,0,0,0,4,0,0,0,0,0,0,0,0,0,0,0,0,0,0,0,0,0,0,0,0,0,0,0,0,0,0,0,0,0,0,0,0,0,0,0,0,0,8,0,0,0,0,0,0,0,0,0,0,0,0,0,0,0,0,0,0,0,0,0,0,0,0,0,0,0,0,0,0,0,0,0,0,0,0,0,0,0,0,0,0,0,0,0,0,0,0,0,0,0,0,0,0,0
92,Magicians' Awake in SCIE,SOCIAL Interests and hobbies,"Seen magic on the streets and wondered how they did it? Wanted to learn magic but never had a chance? Don't know how to practise magic? Join Magicians' Awake in SCIE now and experience the full-on magic tutorial! From simple card tricks to advanced mind manipulation, we've got it all!",1,thursday,period11,A408,0,0,0,0,0,0,0,0,0,0,0,0,0,0,0,0,0,0,0,0,0,0,0,0,0,0,0,0,0,0,0,0,0,0,0,0,0,0,0,0,0,0,0,0,0,0,0,0,0,0,0,0,0,0,0,0,0,0,0,0,0,0,0,4,0,0,0,0,0,0,0,0,12,0,0,0,0,0,0,0,0,0,0,0,0,4,0,0,0,0,0,0,0,0,0,0,0,0,0,0,0,0,0,0,0,0,0,0,0,0,0,0,0,0,0,0,0,0,0,0,0,0,0,0,0,0,0
93,Mania Aviators,SOCIAL Interests and hobbies,"Mania Aviators aim to provide a platform in SCIE for discussions about aviation, promoting this small industry by revealing the secretes beneath. The group of specialists in the ECA gives lectures to members which cover all major careers in the industry, exploring possible personalised career paths for members at the same time. Nonetheless, the ECA also welcomes members to teach classes regarding fields of their interest.",9,thursday,period13,A220,0,0,0,0,0,15,0,0,0,0,0,0,0,0,0,0,0,0,0,0,0,0,0,0,0,0,0,0,0,0,0,0,0,0,0,0,0,0,0,0,0,0,0,0,0,0,0,0,0,0,0,0,0,0,0,0,0,0,0,0,0,0,0,0,0,0,0,0,0,0,0,0,0,0,0,0,0,0,0,0,0,0,0,0,0,0,0,0,0,0,0,0,0,0,0,0,0,0,0,0,0,0,0,0,0,0,0,0,0,0,0,0,0,0,5,0,0,0,0,0,0,0,0,0,0,0,0
94,Math & Computer Science Club,ACADEMIC Mathematics and computer sciences,"Math & Computer Science Club focuses on algorithms, programming, and mathematical thinking beyond the school curriculum. Members will explore classic algorithms, data structures, computational problems, and their mathematical foundations through explanations, coding, and group discussion. The club is open to students with different levels of programming experience.",1,wednesday,lunchtime,A201,0,0,2,0,0,0,6,0,0,0,0,0,0,0,0,0,0,0,0,0,0,0,0,0,0,0,3,0,0,0,0,0,0,0,0,0,0,0,0,0,0,0,0,0,0,0,0,0,0,0,0,0,0,0,0,0,0,0,0,0,0,0,0,0,0,0,0,0,0,0,0,0,0,0,0,3,0,0,0,0,0,0,0,0,0,0,0,0,0,0,0,0,6,0,0,0,0,0,0,0,0,0,0,0,0,0,0,0,0,0,0,0,0,0,0,0,0,0,0,0,0,0,0,0,0,0,0
95,Math Odyssey,ACADEMIC Mathematics and computer sciences,"Math Odyssey focus on math competition tutoring and discussion. Our ECA is devoted to creating a professional and adaptable environment for students who are interested in math and not satified by the school curriculum and students who potentially want to apply math-related major in future. We will systematically teach topics in math contests. Our weekly course introduces Algebra, Combination, Geometry etc and past paper questions from contests. We will focus on some mainstream contests like AMC, AIME, BMO and occasionally included some advanced maths topics such as abstract algebra, and almost anything you want to learn about maths! Except for the weekly lessons, the club will also provide a platform for members to discuss intriguing problems, share creative solutions and find like-minded peers.",1,monday,period11,A409,0,0,0,0,3,0,0,0,0,0,0,0,0,0,0,0,0,0,0,0,0,0,0,0,0,3,0,0,0,0,0,0,0,0,0,0,0,0,0,0,0,0,0,0,0,0,0,0,0,0,0,0,0,0,0,0,0,0,0,0,0,0,0,0,0,0,0,0,0,0,0,0,0,0,0,7,0,0,0,0,0,0,0,0,0,0,0,0,0,0,0,0,0,0,0,0,0,0,0,0,0,0,0,0,0,0,0,0,0,0,0,0,7,0,0,0,0,0,0,0,0,0,0,0,0,0,0
96,Math and Engineering Teaching Club,ACADEMIC Mathematics and computer sciences,"Math and Engineering Teaching Club intend to deliver high-quality lessons in various subjects such as math, chemistry, physics, computer science and economics to primary school students from school such as Green Oasis School. We will pre-prepare concise teaching syllabus and power point according to the interest of our members and the intention of students. Each week, we will go teaching offline, conduct creative acticities and record our teaching/learning outcome through various ways such as poster, student presentation, debate and etc.",1,friday,period11,A215,0,0,2,0,0,0,0,0,0,0,0,0,0,0,0,0,0,0,0,0,0,0,0,0,5,0,0,0,0,0,0,0,0,0,0,0,0,0,0,0,0,0,0,0,0,0,0,0,0,0,0,0,0,0,0,0,0,0,0,0,0,0,0,0,0,0,0,0,0,0,0,0,0,0,0,5,0,0,0,0,0,0,0,0,0,0,0,0,0,0,0,0,0,0,0,0,0,0,0,0,0,0,0,0,0,0,0,0,0,0,0,0,6,0,0,0,0,0,0,0,2,0,0,0,0,0,0
97,Math-Physics Exploration,ACADEMIC Mathematics and computer sciences,"Physics–Math Exploration is a student-led academic club for students who would like to explore how mathematical ideas become tools for understanding physical systems. Starting from familiar classroom topics such as motion, forces, waves and energy, each session will begin with a modelling question(near our learning curriculum): What should we represent? Which assumptions are reasonable? What can the mathematics predict, and where does the model stop working? Sessions will combine short explanations(trying with both languages), guided discussion, and one or two carefully chosen problems(for each session). Useful mathematical tools—including vectors, trigonometry, parameterisation, graphs, introductory calculus ideas and data analysis—will be introduced when they become useful, rather than as isolated techniques. The aim is not simply to move ahead through a syllabus, but to develop curiosity, precise reasoning and confidence in turning everyday questions into solvable physical models. Students with different levels of mathematical experience are welcome; optional extension problems and small projects will provide further challenge.",1,monday,period11,A402,0,0,3,0,0,0,0,0,0,0,0,0,0,0,0,0,0,0,0,0,0,0,0,0,0,0,0,0,0,0,0,0,0,0,0,0,0,0,0,0,0,0,0,0,0,0,0,0,0,0,0,0,0,0,0,0,0,0,0,0,0,0,0,0,0,0,0,0,0,0,0,0,0,0,0,9,0,0,0,0,0,0,0,0,0,0,0,0,0,8,0,0,0,0,0,0,0,0,0,0,0,0,0,0,0,0,0,0,0,0,0,0,0,0,0,0,0,0,0,0,0,0,0,0,0,0,0
98,Mathematical Modeling Club,ACADEMIC Mathematics and computer sciences,"As one of the biggest ECA on campus, this club is dedicated to preparing students for the High School Mathematical Contest in Modeling (HiMCM) by COMAP, a globally recognized academic competition. Our mission is to equip members with advanced mathematical knowledge and skills, extending beyond the classroom, to solve complex real-world problems creatively. The club offers training in mathematical modeling, data analysis, and report writing, enhancing reasoning, teamwork, and innovation. Members will learn from past winners, work with experienced mentors( including alumni), and participate in simulated competitions, all aimed at excelling on an international stage. We actively participate in schools themed week and activities, and have won the ""Most Creative ECA""(2/380+) in 24, and the “Most Popular ECA” in 25, with 2 teams of members won a M prize and 1 team won the F prize in HiMCM, one team won F prize in IMMC.",1,thursday,period12,A414,0,0,0,0,0,0,0,0,0,0,0,0,0,0,0,0,0,0,0,0,0,0,0,0,0,2,0,0,0,0,0,0,0,10,0,0,0,0,0,0,0,0,0,0,0,0,0,0,0,0,0,0,0,0,0,0,0,0,0,0,0,0,0,0,0,0,0,0,0,0,0,0,0,0,0,4,0,0,0,0,0,0,0,0,0,0,0,0,0,0,0,0,0,0,0,0,0,4,0,0,0,0,0,0,0,0,0,0,0,0,0,0,0,0,0,0,0,0,0,0,0,0,0,0,0,0,0
99,Mathematical Structures Society,ACADEMIC Mathematics and computer sciences,"Mathematical Structures Society (MSS) is a student-led mathematics exploration community that aims to help students discover the deeper ideas behind mathematics beyond the standard curriculum. Rather than focusing only on competition training or solving individual problems, MSS encourages students to explore how mathematical ideas are connected through patterns, structures, and logical reasoning. Through workshops, discussions, problem-solving sessions, and student presentations, members will gradually develop the ability to move from concrete problems toward abstract mathematical thinking. The club will introduce accessible topics from areas such as mathematical reasoning, combinatorics, number theory, symmetry, graph theory, cryptography, and introductory abstract algebra. By connecting mathematics with real-world applications, art, technology, and everyday phenomena, MSS hopes to make advanced mathematical thinking approachable for high school students.",1,thursday,period11,A407,0,0,0,0,5,0,0,0,0,0,0,0,0,0,0,0,0,0,0,0,0,0,0,0,0,0,0,0,0,0,0,0,0,0,0,0,0,0,0,0,0,0,0,0,0,0,0,0,0,0,0,0,0,0,0,0,0,0,0,0,0,0,0,0,0,0,0,0,0,0,0,0,0,0,0,15,0,0,0,0,0,0,0,0,0,0,0,0,0,0,0,0,0,0,0,0,0,0,0,0,0,0,0,0,0,0,0,0,0,0,0,0,0,0,0,0,0,0,0,0,0,0,0,0,0,0,0
100,Mathematical and Physical Society,ACADEMIC Natural sciences,"Our society is a student-run academic group focused on mathematics and physics, operating within our school. The core activity is simple: we invite experienced members—senior students who have a solid grasp of particular topics—to give regular walk-through sessions on standard textbooks, helping fellow students navigate difficult derivations, solve problems step by step, and clarify common misconceptions. Unlike formal lectures, our sessions are interactive and discussion-friendly; attendees are encouraged to interrupt with questions whenever something is unclear. We believe that peer-to-peer explanation, coming from someone who recently struggled with the same material, is often the most accessible bridge between a dense textbook and genuine understanding. Beyond our weekly sessions, we maintain a small public account where we share concise reading notes, worked examples, and occasional popular-science pieces. We might also collaborate with the school's sci-fi club on informal joint meetups in the future, where we pick a scientific idea from a novel or film and walk through how plausible it really is under known physics—just for fun and curiosity. Our society is not about grand ambitions; it is about building a friendly, low-pressure space where students who enjoy math and physics can share what they know, help each other learn, and maybe discover that these two subjects are less intimidating when tackled together.",2,tuesday,period11,B421,0,0,2,0,2,0,0,0,0,0,0,0,0,0,0,0,0,0,0,0,0,0,0,0,0,0,0,0,0,0,0,0,0,0,0,0,0,0,0,0,0,0,0,0,0,0,0,0,0,0,0,0,0,0,0,0,0,0,0,0,0,0,0,0,0,0,0,0,0,0,0,0,0,0,0,6,0,0,0,0,0,0,0,0,5,0,0,0,0,5,0,0,0,0,0,0,0,0,0,0,0,0,0,0,0,0,0,0,0,0,0,0,0,0,0,0,0,0,0,0,0,0,0,0,0,0,0
101,Mathematics Beyond Problems,ACADEMIC Mathematics and computer sciences,"This is a student-led mathematics ECA focused on understanding mathematics beyond simply applying formulas to solve problems. The main focus will be on Further Mathematics and AS/AL Mathematics, with sessions exploring where mathematical concepts and formulas come from, why they work, and how different ideas are connected. Topics may also be selected according to members’ interests. Sessions will generally include teaching, discussion, problem solving, and mathematical exploration. Active members will also be encouraged to prepare and lead sessions on topics they are interested in.",5,monday,period11,A505,0,0,4,0,4,0,0,0,0,0,0,0,0,0,0,0,0,0,0,0,0,0,0,0,0,0,0,0,0,0,0,0,0,0,0,0,0,0,0,0,0,0,0,0,0,0,0,0,0,0,0,0,0,0,0,0,0,0,0,0,0,0,0,0,0,0,0,0,0,0,0,0,0,0,0,12,0,0,0,0,0,0,0,0,0,0,0,0,0,0,0,0,0,0,0,0,0,0,0,0,0,0,0,0,0,0,0,0,0,0,0,0,0,0,0,0,0,0,0,0,0,0,0,0,0,0,0
102,Medlink,ACADEMIC Natural sciences,"We are a biomedical extracurricular ECA for exploring the profound intersection of clinical science, ethics, and humanistic care. We delve deeply into common-seen medical cases, from stroke rehabilitation to euthanasia by first grounding each topic in its biological fundamentals. Our top mission is to understand the full spectrum of medicine—from cells to the bedside—while considering its ethical dimensions, and to practice with compassion. Every member collaborates to create in-depth articles and videos that will be posted on our official platforms to raise public awareness and funds for disability charities. Beyond theory, we bridge learning to practice through hospital and hospice shadowing.",1,thursday,period11,A210,0,0,0,0,0,0,0,0,0,0,0,0,0,0,0,5,0,0,5,0,0,0,0,0,0,0,0,0,0,0,0,0,0,0,0,0,0,0,0,0,0,0,0,0,0,0,0,0,0,0,0,0,0,0,0,0,0,0,0,0,0,2,0,0,0,0,0,0,0,0,0,0,0,0,0,0,2,6,0,0,0,0,0,0,0,0,0,0,0,0,0,0,0,0,0,0,0,0,0,0,0,0,0,0,0,0,0,0,0,0,0,0,0,0,0,0,0,0,0,0,0,0,0,0,0,0,0
103,MindBridge,ACADEMIC Social sciences,"MindBridge is a peer-driven forum for students passionate about mental health and clinical science. We explore core topics including psychopathology, evidence-based interventions, diagnostic systems, ethics, and the scientist‑practitioner model. Through interactive case discussions, journal article reviews, role‑play demonstrations, and occasional guest speakers, members gain a realistic preview of clinical psychology training and practice. Our sessions foster critical thinking, cultural humility, and the integration of research with real‑world clinical work. We aim to build a supportive community where curiosity about human behaviour meets rigorous scientific inquiry, helping members prepare for further study or careers in mental health. The ECA values diversity, empathy, and evidence‑based approaches, while also encouraging self‑reflection and personal growth. We welcome anyone interested in understanding psychological distress and healing, regardless of prior background, and we strive to reduce stigma around mental health through open, respectful dialogue.",1,monday,period12,A414,0,0,0,0,0,0,0,0,0,0,0,0,0,0,0,0,0,0,0,0,0,0,0,0,0,0,0,0,0,0,0,0,0,0,0,0,0,0,0,0,0,0,0,0,0,0,0,0,0,0,0,0,0,0,0,0,0,0,0,0,0,0,0,0,0,0,0,0,0,0,0,0,0,0,0,0,0,0,6,0,0,0,0,0,6,0,2,0,0,0,0,0,0,6,0,0,0,0,0,0,0,0,0,0,0,0,0,0,0,0,0,0,0,0,0,0,0,0,0,0,0,0,0,0,0,0,0
104,Mindful Maker Club,SOCIAL Interests and hobbies,"Students will create handmade accessories and use the mandala as a base to create ornaments. We will explore creativity, focus, and self-expression through the art of mandala design. Using drawing, colouring, painting and recycled materials, we will create unique mandala artworks while developing collaborative skills and artistic confidence.",0,monday,lunchtime,A511,0,0,0,0,0,0,0,0,0,0,0,0,0,0,0,0,0,0,0,0,0,0,0,0,0,0,0,7,3,0,0,0,0,0,0,0,0,0,0,0,0,0,0,0,0,0,0,0,0,0,0,0,0,0,0,0,0,0,0,0,0,0,0,3,0,0,0,0,0,0,0,0,0,0,0,0,0,0,0,0,0,0,0,0,0,0,0,0,0,0,0,0,0,0,0,0,0,0,0,0,0,0,0,0,0,0,0,0,0,0,0,0,0,0,0,0,0,7,0,0,0,0,0,0,0,0,0
105,Model United Nations (MUN),ACADEMIC Social sciences,"Model United Nations (MUN) at SCIE offers students an engaging platform to explore global affairs, diplomacy, and international relations. Designed as an academic and lecture-based ECA, weekly sessions provide structured guidance on geopolitics, parliamentary procedure inspired by the United Nations, resolution drafting, and effective public speaking. Members gain a comprehensive understanding of how international bodies operate while analyzing real-world global challenges. In addition to weekly instructional sessions, members have the opportunity to represent our school at external MUN conferences, applying their skills in competitive, multi-school debates. Furthermore, club members actively participate in organizing, planning, and hosting our school's annual MUN conference—a major event that fosters leadership, logistics management, and teamwork. Whether you are a beginner looking to build confidence or an experienced delegate aiming to refine your diplomatic skills, this ECA equips you with critical thinking and leadership abilities for the future.",1,tuesday,period11,A414,0,0,0,0,0,0,0,0,0,0,0,0,0,0,0,0,0,0,0,0,0,0,0,0,0,3,0,0,0,0,0,0,0,0,7,0,0,0,0,0,0,0,0,0,0,0,0,0,0,0,0,0,0,0,0,0,0,0,0,0,0,0,0,0,0,0,0,0,0,0,0,0,0,0,0,0,0,0,0,0,0,0,0,0,0,0,0,0,0,0,0,7,0,0,0,0,0,0,0,0,0,0,0,0,3,0,0,0,0,0,0,0,0,0,0,0,0,0,0,0,0,0,0,0,0,0,0
106,Mosaic DIY,SOCIAL Interests and hobbies,"The Mosaic DIY ECA is a hands-on creative arts club where students explore the ancient craft of mosaic-making. We design and assemble colourful patterns and images using tiles, glass, beads, and recycled materials. We also study the cultural history of mosaics across civilisations, linking art with heritage. Our ECA is a safe, inclusive space for experimentation, self-expression, and mindful making.",0,monday,period11,B424,0,0,0,0,0,0,0,0,0,0,0,0,0,0,0,0,0,0,0,0,0,0,0,0,0,0,0,6,2,0,0,0,0,0,0,0,0,0,0,0,0,0,0,0,0,0,0,0,0,0,0,0,0,0,0,0,0,0,0,0,0,0,6,0,0,0,0,0,0,0,0,0,0,0,0,0,0,0,0,0,0,0,0,0,0,0,0,0,0,0,0,0,0,0,0,0,0,0,0,0,0,0,0,0,0,0,0,0,0,0,0,0,0,0,0,0,0,6,0,0,0,0,0,0,0,0,0
107,Move Lab,SPORTS,"MOVE Lab is a student-led club focused on sports science, training, and physical performance. The club aims to make scientific knowledge about exercise and the human body accessible and useful to students of all experience levels, from complete beginners to regular athletes. Sessions will focus on explaining the reasoning behind training methods rather than simply giving students routines to follow.",2,thursday,period11,A401,0,0,0,0,0,0,0,0,0,0,0,0,0,0,0,0,0,0,0,0,0,0,0,0,0,0,0,0,0,0,0,0,0,0,0,0,0,0,0,0,0,0,0,0,0,0,0,0,0,12,0,0,0,0,0,0,0,0,0,0,0,4,0,0,0,0,0,0,0,0,0,0,0,0,0,0,0,0,0,0,0,0,0,0,0,0,0,0,0,0,0,0,0,0,0,0,0,0,0,0,0,0,0,0,0,0,4,0,0,0,0,0,0,0,0,0,0,0,0,0,0,0,0,0,0,0,0
108,MusicMath,ACADEMIC Mathematics and computer sciences,"We are a unique club: we ""hear"" mathematics and reinterpret music through a mathematical lens. Explore the connections between advanced math and music theory, run math × music experiments, and discuss where beauty, order, and creativity come from with peers from diverse backgrounds.",1,wednesday,lunchtime,A202,0,0,2,0,0,0,0,0,0,0,0,0,0,0,0,0,0,0,0,0,0,0,0,0,0,0,0,0,0,0,0,0,0,0,0,0,0,0,0,0,0,0,0,6,0,0,0,0,0,0,0,0,0,0,0,0,0,0,0,0,0,0,0,0,0,0,0,0,0,0,0,0,0,0,0,6,0,0,0,0,0,6,0,0,0,0,0,0,0,0,0,0,0,0,0,0,0,0,0,0,0,0,0,0,0,0,0,0,0,0,0,0,0,0,0,0,0,0,0,0,0,0,0,0,0,0,0
109,Musicals Not Operas,SOCIAL Active and performance,"Musicals not Operas is a passionate, student-led musical theatre community at SCIE, dedicated purely to musical performances and original stage creation. We gather students with genuine enthusiasm and artistic talent for musicals, aiming to build the school’s most outstanding and influential musical club.The club holds weekly rehearsals to refine members’ stage literacy and performance coherence. Our key annual project is the 2027 March Musical Gala, which strings diverse classic musical excerpts into one cohesive stage show. Our club has proven strong independent production capability. We have successfully staged a complete 45-minute original musical entirely run by students, including self-composed music, original lyrics, full costume and makeup design, and independent on-stage performance, marking our mature artistic execution ability.",1,wednesday,lunchtime,G017,0,0,0,0,0,0,0,0,0,0,0,0,0,0,0,0,0,0,0,0,0,0,0,0,0,0,0,0,2,0,0,0,0,0,0,5,0,0,0,0,0,0,0,0,0,0,0,0,0,0,0,0,0,0,0,0,0,0,0,0,0,0,0,0,0,0,0,0,0,0,0,0,0,0,0,0,0,0,0,0,0,5,0,0,0,2,0,0,0,0,0,0,0,0,0,0,0,0,0,0,0,0,0,0,0,0,0,0,0,0,0,0,0,0,0,0,6,0,0,0,0,0,0,0,0,0,0
110,National History Day,ACADEMIC Social sciences,"The National History ECA will focus on preparing the students for the National History Day competition which is usually held in March at Concordia International School Shanghai. In preparation, students will conduct their own research and create a website on the Historical theme of 'Innovation in History: Impact, Influence, Change.' Students will then present their research to a panel of judges on the day of the competition. Winners of the initial competition will have the opportunity to display their projects in the finals in the United States! The ECA will provide an introduction to the NHD competition, and ongoing support for your project",0,tuesday,period11,A216,0,0,0,0,0,0,0,0,0,0,0,0,0,0,0,0,0,0,0,0,0,0,0,0,0,3,0,0,0,0,0,0,0,0,0,0,0,0,0,0,0,0,0,0,0,0,0,0,0,0,0,0,0,0,0,0,0,0,0,0,0,0,9,0,0,0,0,0,0,0,0,0,0,0,0,0,0,0,0,0,0,0,0,0,0,0,0,0,0,0,0,0,0,0,0,0,0,8,0,0,0,0,0,0,0,0,0,0,0,0,0,0,0,0,0,0,0,0,0,0,0,0,0,0,0,0,0
111,Nature History Club,ACADEMIC Natural sciences,"The Nature History Club is an ECA in the Natural Science category. Students interested in biological science and the history of science meet up once a week to explore topics beyond the textbook’s level in depth. Usually, the ECA leaders give lectures to the students around a certain biology-related area (e.g., Applied Evolution) and the history of science, while animated videos and fun questions are included to make the lecture more intriguing. There will sometimes be extra activities such as biological experiments taken into practice occasionally during the ECA’s activity time. The Nature History Club is also involved in constructing the SCIE Garden and Greenhouse. We spend a couple of ECA sessions per semester to work on the SCIE Greenhouse, aiming to study plants habitats, investigate plant growing techniques, and plant seeds by ourselves in the SCIE Greenhouse. Our efforts on the greenhouse will be recorded in our greenhouse journals, which might be published in the future. The Nature History Club encourages students to voice out their own thoughts and be the lecturer. We will spare several lessons for these lecturer students.",4,monday,period11,A407,0,0,2,0,0,0,0,0,0,0,0,0,0,0,0,5,0,0,0,0,0,0,0,0,0,0,0,0,0,0,0,0,0,0,0,0,0,0,0,0,0,4,0,4,0,0,0,0,0,0,0,0,0,0,0,0,0,0,0,0,0,0,5,0,0,0,0,0,0,0,0,0,0,0,0,0,0,0,0,0,0,0,0,0,0,0,0,0,0,0,0,0,0,0,0,0,0,0,0,0,0,0,0,0,0,0,0,0,0,0,0,0,0,0,0,0,0,0,0,0,0,0,0,0,0,0,0
112,NeighborLink,SOCIAL Volunteers and charitable projects,"NeighborLink acts as a bridge connecting SCIE students and Volunteer Shenzhen. We curate suitable student volunteer projects, offer clear registration guidance, and build team platforms for participants to join community service together. Members gain official, verifiable volunteer service records. This ECA helps students step outside campus, develop empathy, communication and problem-solving skills, while contributing youth energy to local communities.",1,monday,period11,A216,0,0,0,0,0,0,0,0,0,0,0,0,0,0,0,0,0,0,0,0,0,0,0,0,15,0,0,0,0,0,0,0,0,0,0,0,0,0,0,0,0,0,0,0,0,0,0,0,0,0,0,0,0,0,0,0,0,0,0,0,0,0,0,0,0,0,0,0,0,0,0,0,0,0,0,0,0,0,0,0,0,0,0,0,0,0,0,0,0,0,0,0,0,0,0,0,0,0,0,0,0,0,0,0,0,0,0,0,0,0,0,0,0,0,0,0,0,0,0,0,5,0,0,0,0,0,0
113,Nice Calculus,ACADEMIC Mathematics and computer sciences,"""Nice Calculus"" is the newly rebranded continuation of our previous ""Calculus"" ECA. Derived from the names of its co-leaders, Niko and Bruce, the name ""Nice"" reflects our club's core educational philosophy. This year, we go beyond teaching rigorous calculus concepts and advanced techniques; our primary focus is helping students develop a profound mathematical intuition—a crucial skill often overlooked in traditional high school curriculums. We will achieve this through a highly visual teaching style, utilizing custom-programmed mathematics animations (such as those built with Python's Manim) and interactive visualization applications. By stepping away from purely algebraic problem-solving, we aim to demonstrate that sensing math geometrically, physically, and visually strengthens independent thinking and fundamentally transforms how students understand the nature of mathematics. Furthermore, based on feedback from previous terms, we have significantly upgraded our syllabus. We are extending our lessons to include applied mathematics topics, such as the multivariable calculus essential for higher-level physics and engineering. By pairing these advanced concepts with concrete examples and visual tools, we ensure our members gain a comprehensive, well-rounded mastery of mathematics.",4,monday,period11,B523,0,0,3,0,0,0,0,0,0,0,0,0,0,0,0,0,0,0,0,0,0,0,0,0,0,0,0,0,0,0,0,0,0,0,0,0,0,0,0,0,0,0,0,0,0,0,0,0,0,0,0,0,0,0,0,0,0,0,0,0,0,0,0,0,0,0,0,0,0,0,0,0,0,0,0,9,0,0,0,0,0,0,0,0,0,0,0,0,0,0,0,0,0,0,0,0,0,0,0,0,0,0,0,0,0,0,0,0,0,0,0,0,8,0,0,0,0,0,0,0,0,0,0,0,0,0,0
114,Nirvana,SPORTS,We are a flag football team that have been competed in an international school league for years.,1,tuesday,period12,A606,0,0,0,0,0,0,0,0,0,0,0,0,0,0,0,0,0,0,0,0,0,0,0,0,0,1,0,0,0,0,0,0,0,0,0,0,0,0,0,0,0,0,0,0,0,0,0,0,0,4,0,9,0,0,0,0,0,0,0,0,0,0,0,0,0,0,0,0,0,0,0,0,0,0,0,0,0,0,0,0,0,0,0,0,0,0,0,0,0,0,0,0,0,0,0,0,0,0,0,0,0,0,0,0,0,0,2,0,0,0,0,0,0,4,0,0,0,0,0,0,0,0,0,0,0,0,0
115,OC Idea Hub,SOCIAL Interests and hobbies,"This ECA is a creative community for students passionate about original characters (OC) design, visual world-building and imaginative expression. Our members will be able to explore how to visualise fictional personas, design their original characters(such as costume designing and story plotting), and present them by hand-drawing. Apart from personal creative development, our group wants to create a society which encourages the members to visualize, improve and share their idea. This community offers some guidelines for building up original worlds and characters, and provides a platform to make us brainstorm together and share our thoughts.",2,thursday,period11,A208,0,0,0,0,0,0,0,0,0,0,0,0,0,0,0,0,0,0,0,0,0,0,0,0,0,0,0,0,2,0,0,0,0,0,0,6,0,0,0,0,0,0,0,0,0,0,0,0,0,0,0,0,0,0,0,0,0,0,0,0,0,0,0,0,0,0,0,0,0,0,0,0,0,0,0,0,0,0,0,0,0,0,0,0,0,0,0,0,0,0,0,0,0,0,0,0,0,0,0,0,0,0,0,0,0,0,0,0,0,0,0,0,0,0,0,0,0,6,0,0,0,0,0,0,0,6,0
116,Olympiad in Informatics (OI),ACADEMIC Mathematics and computer sciences,"Olympiad in Informatics is a competitive programming activity of algorithms and discrete mathematics. Club members solve selected, inspiring problems together on online judge platforms (e.g. Codeforces, Luogu); specific problems are chosen to best reveal how intriguing the subject is. The club also focuses on highlighting the fascinating intersection between mathematics and computer science, for example how computers could aid counting problems and logic verification. Above all, our primary goal is to share how engaging and fun competitive programming can be, gathering more people to join. We will also organize students to participate in online/offline competitive programming contests in allocated teams.",1,tuesday,period11,A206,0,0,0,0,0,0,6,0,0,0,0,0,0,0,0,0,0,0,0,0,0,0,0,0,0,2,3,0,0,0,0,0,0,0,0,0,0,0,0,0,0,0,0,0,0,0,0,0,0,0,0,0,0,0,0,0,0,0,0,0,0,0,0,0,0,0,0,0,0,0,0,0,0,0,0,3,0,0,0,0,0,0,0,0,0,0,0,0,0,0,0,0,6,0,0,0,0,0,0,0,0,0,0,0,0,0,0,0,0,0,0,0,0,0,0,0,0,0,0,0,0,0,0,0,0,0,0
117,Paper Airplane Technology Institution (PATI),SOCIAL Interests and hobbies,"Our club Paper Airplane Technology Institute (will be called as ‘PATI’ in the following) is a club that is aimed to teach and support our members to learn, make and fly their paper airplane made by themselves. We try to combine aviation principles, physics and handcrafting as interests into the events of our club in the following semester.",1,monday,period11,A202,0,0,0,0,0,6,0,0,0,0,0,0,0,0,0,0,0,0,0,0,0,0,0,0,0,0,0,3,0,0,0,0,0,0,0,0,0,0,0,0,0,0,0,0,0,0,0,0,0,0,0,0,0,0,0,0,0,0,0,0,6,0,0,2,0,0,0,0,0,0,0,0,0,0,0,0,0,0,0,0,0,0,0,0,0,0,0,0,0,3,0,0,0,0,0,0,0,0,0,0,0,0,0,0,0,0,0,0,0,0,0,0,0,0,0,0,0,0,0,0,0,0,0,0,0,0,0
118,Paper Quilling Club,SOCIAL Interests and hobbies,"This Paper Quilling ECA is a creative art community dedicated to the traditional craft of paper quilling — the art of rolling, shaping and gluing thin paper strips to form delicate decorative artworks. We welcome students of all skill levels, from complete beginners to those with prior crafting experience. In our sessions, members will master fundamental quilling techniques and create a wide range of works, including bookmarks, greeting cards, wall art and 3D miniatures. Beyond hands-on creation, the club integrates creative expression, aesthetic appreciation and public welfare. We will organise themed creation projects and donate selected works to community charity programs. Our club aims to provide a relaxing, supportive space for students to unwind from academic pressure, nurture patience and fine motor skills, and connect with peers who share a passion for handmade art.",3,monday,period11,A410,0,0,0,0,0,0,0,0,0,0,0,0,0,0,0,0,0,0,6,0,0,0,0,0,0,0,0,6,2,0,0,0,0,0,0,0,0,0,0,0,0,0,0,0,0,0,0,0,0,0,0,0,0,0,0,0,0,0,0,0,0,0,0,0,0,0,0,0,0,0,0,0,0,0,0,0,0,0,0,0,0,0,0,0,0,0,0,0,0,0,0,0,0,0,0,0,0,0,0,0,0,0,0,0,0,0,0,0,0,0,0,0,0,0,0,0,0,6,0,0,0,0,0,0,0,0,0
119,Pause.,SOCIAL Interests and hobbies,"‘Pause.’ is a community designed to make mindfulness practical, accessible, and relevant to everyday student life. Rather than treating mindfulness as simply “sitting still and meditating,” the club explores how attention, awareness, and intentional reflection can influence the way we study, communicate, manage stress, and experience everyday moments. Each session combines a short guided mindfulness practice with an interactive activity or discussion. Students may explore breathing and grounding exercises, mindful movement, attention training, gratitude, mindful listening, digital awareness, and reflection. No previous experience is required, and students are encouraged to participate at their own comfort level. The goal is not to eliminate stress or constantly “feel positive,” but to develop the ability to notice our thoughts, emotions, and surroundings without immediately reacting to them. Through regular practice, Pause. aims to help students become more attentive to themselves and the people around them.",2,tuesday,lunchtime,G021,0,0,0,0,0,0,0,0,0,0,0,0,0,0,0,0,0,0,0,0,0,0,0,0,0,0,0,0,0,0,0,0,0,0,0,0,0,0,0,0,0,0,0,0,0,0,0,0,0,0,0,0,0,0,0,0,0,0,0,0,0,0,0,0,0,0,0,0,0,0,0,0,0,0,0,0,0,0,10,0,0,0,0,0,0,0,0,0,0,0,0,0,0,0,0,0,0,0,0,0,0,0,0,0,0,0,0,0,0,0,0,0,0,0,0,0,0,0,0,0,0,0,0,10,0,0,0
120,Philomath,ACADEMIC Mathematics and computer sciences,"Philomath ECA is provided for those that are interested to mathematics, and want to thrive deeper into it! We will start the first semester by introducing Group Theory, which is one of the most fundamental concepts in mathematics when stepping into university. The full outline of the ECA is similar to Cambridge’s style of teaching group theory, which is believed to be the most effective amongst all. Overall, this ECA can increase student’s ability in mathematics, which helps application by adding more extra-curriculum knowledge.",2,monday,period11,A408,0,0,0,0,5,0,0,0,0,0,0,0,0,0,0,0,0,0,0,0,0,0,0,0,0,0,0,0,0,0,0,0,0,0,0,0,0,0,0,0,0,0,0,0,0,0,0,0,0,0,0,0,0,0,0,0,0,0,0,0,0,0,0,0,0,0,0,0,0,0,0,0,0,0,0,15,0,0,0,0,0,0,0,0,0,0,0,0,0,0,0,0,0,0,0,0,0,0,0,0,0,0,0,0,0,0,0,0,0,0,0,0,0,0,0,0,0,0,0,0,0,0,0,0,0,0,0
121,Philosophy of religions,SOCIAL Culture,"Philosophy of Religions introduces students to different religions, exploring their origins, beliefs, texts, traditions, history and influence on society and culture. The ECA aims to provide an open and non-religious environment where students can learn about different perspectives and discuss questions surrounding religion.",1,thursday,period11,A409,0,0,0,0,0,0,0,0,0,0,0,0,0,0,0,0,0,0,0,0,0,0,0,0,0,0,0,0,0,2,0,0,0,0,0,0,0,0,0,0,0,0,0,0,0,0,0,0,0,0,0,0,0,0,0,0,0,0,0,0,0,0,6,0,0,0,0,0,0,0,0,0,0,0,0,0,0,0,0,0,0,0,0,0,0,0,0,6,0,0,0,0,0,0,0,0,6,0,0,0,0,0,0,0,0,0,0,0,0,0,0,0,0,0,0,0,0,0,0,0,0,0,0,0,0,0,0
122,Physics Frontier,ACADEMIC Natural sciences,"Our club is mainly lecture-based, and I, as the leader of the club, will conduct most of these lectures. These lectures aim to provide a revision and a prevision of school contents for club members, and they will cover curriculums from A level, IGCSE, AP physics up to physics competitions like BPHO and Physics Bowl. Every lecture will be around 50 minutes and there are no after school assignments, so the learning atmosphere is quite relaxing.",1,monday,period11,A205,0,0,3,0,4,0,0,0,0,0,0,0,0,0,0,0,0,0,0,0,0,0,0,0,0,3,0,0,0,0,0,0,0,0,0,0,0,0,0,0,0,0,0,0,0,0,0,0,0,0,0,0,0,0,0,0,0,0,0,0,0,0,0,0,0,0,0,0,0,0,0,0,0,0,0,0,0,0,0,0,0,0,0,0,0,0,0,0,0,10,0,0,0,0,0,0,0,0,0,0,0,0,0,0,0,0,0,0,0,0,0,0,0,0,0,0,0,0,0,0,0,0,0,0,0,0,0
123,Physics and Philosophy,ACADEMIC Natural sciences,"Physics and Philosophy ECA is a student-led interdisciplinary club exploring the conceptual foundations behind scientific theories and their implications for humanity. While physics provides models to describe the universe, philosophy helps us examine the assumptions, interpretations, and consequences behind those models. The club will explore topics including the interpretation of quantum mechanics (such as the measurement problem and Schrödinger’s Cat), the nature of space and time in Einstein’s relativity, the philosophical foundations of scientific methods, and ethical questions arising from technologies such as artificial intelligence and genetic engineering. Activities will include guided discussions, student presentations, thought experiments, debates, and analysis of scientific papers or philosophical texts. Members will be encouraged to move beyond memorising theories and instead ask deeper questions: Why do scientific models work? What does it mean for a theory to represent reality? How should society respond to new technologies? The ECA welcomes students interested in physics, philosophy, mathematics, humanities, or simply exploring challenging ideas through logical reasoning and open discussion.",2,thursday,period11,A519,0,0,0,0,0,0,0,0,0,0,0,0,0,0,0,0,0,0,0,0,0,0,0,0,0,0,0,0,0,0,0,0,0,0,6,0,0,0,0,0,0,0,0,0,0,0,0,0,0,0,0,0,0,0,0,0,0,0,0,0,0,0,0,0,2,0,0,0,0,0,0,0,0,0,0,0,0,0,0,0,0,0,0,0,0,0,0,6,0,6,0,0,0,0,0,0,0,0,0,0,0,0,0,0,0,0,0,0,0,0,0,0,0,0,0,0,0,0,0,0,0,0,0,0,0,0,0
124,Pickleball Club,SPORTS,"Pickleball Club is an ECA run by students. The aim of this club is to introduce students to pickleball and create a fun and inclusive atmosphere for students to exercise, learn, and interact with people. With regular training sessions and friendly matches being conducted, members get a chance to practice the basics of the game, improve their techniques, and work together. The club is open to every student irrespective of whether he/she has a background in the game. Apart from practicing sports, the club intends to promote an active and healthy way of life and create a friendly community. We also hope to organize or participate in competitions with other clubs or communities to encourage students to use their skills in real matches.",1,thursday,lunchtime,H100B,0,0,0,0,0,0,0,0,0,0,0,0,0,0,0,0,0,0,0,0,0,0,0,0,0,1,0,0,0,0,0,0,0,0,0,0,0,0,0,0,0,0,0,0,0,0,0,0,0,4,0,0,0,0,0,0,0,0,0,0,0,0,0,0,0,0,0,0,0,0,0,0,0,0,0,0,0,0,0,0,0,0,0,0,0,0,0,0,0,0,9,0,0,0,4,0,0,0,0,0,0,0,0,0,0,0,2,0,0,0,0,0,0,0,0,0,0,0,0,0,0,0,0,0,0,0,0
125,Pitch Observatory,SOCIAL Social sports and physical recreation,"Football is far more than a sport—it is a magnifying glass for history, politics, social class, migration, and identity. From El Clásico in Spain to the Superclásico in Argentina, from the Milan Derby to the North West Derby in England, every classic rivalry carries within it decades or even centuries of cultural tension and collective memory. Our ECA is dedicated to unearthing these stories. The Football Culture Studies Club is a student-led organization that aims to go beyond scores and highlights, delving deeply into the historical roots, social conflicts, and fan cultures behind the world's famous derbies. Through weekly topic sharing, guided discussions, and member-led research projects, we seek to understand: why does football mean so much to people across the globe?",1,tuesday,period11,B525,0,0,0,0,0,0,0,0,0,0,0,0,0,0,0,0,0,0,0,0,0,0,0,0,0,0,0,0,0,0,0,0,0,0,0,0,0,0,0,0,0,0,0,0,0,0,0,0,0,0,0,9,0,0,0,0,0,0,0,0,0,0,4,0,0,0,0,0,0,0,0,0,0,0,0,0,0,0,0,0,0,0,0,0,0,0,0,0,0,0,0,4,0,0,0,0,0,0,0,0,0,0,0,0,1,0,2,0,0,0,0,0,0,0,0,0,0,0,0,0,0,0,0,0,0,0,0
126,Policy Insight,ACADEMIC Social sciences,"The Policy Insight ECA will focus on the subject of public policy. We invite students who are interested in policy, sociology, economics, or just want to dive into the policy around us. Each week, we will select one concrete, relevant case study close to our daily lives, ranging from our school to our community, and even to the whole society, focusing on policy or creating potential policy that might be helpful. We may have opportunities to implement policies. Students will not only learn the theory but also analyze or debate the policy. In this club, anyone who is interested in policy can be the lecturer, raise their doubts, and invite peers to discuss. Our final goal is to turn our daily observations and knowledge into practical outcomes, giving members a platform to contribute to their surroundings.",1,tuesday,period11,B221,0,0,0,0,0,0,0,0,0,0,0,0,0,0,0,0,0,0,0,0,0,0,0,0,0,0,0,0,0,0,0,0,0,0,6,0,0,0,6,0,0,0,0,0,0,0,0,0,0,0,0,0,0,0,0,0,0,0,0,0,0,0,0,0,0,0,0,0,0,0,0,0,0,0,0,0,0,0,0,0,0,0,0,0,0,0,0,0,0,0,0,6,0,0,0,0,0,0,0,0,0,0,0,0,2,0,0,0,0,0,0,0,0,0,0,0,0,0,0,0,0,0,0,0,0,0,0
127,Polyverse,SOCIAL Media and creative,"Polyverse is a 3D modelling and rendering club where students are able to explore computer graphics mainly through the app Blender. The members will learn the skills of 3D modelling, texturing, lighting, and rendering by developing through hands on practice. The club aims to provide a creative space where students are able to turn ideas into digital works, such as designing characters and environments to create complete animations. They will collaborate on group projects, share techniques, and explore art and technology. No prior experience is required, and everyone is welcome to learn, create, and experiment.",2,monday,period11,B430,5,0,0,0,0,0,0,0,0,0,0,0,0,0,0,0,0,0,0,0,0,0,0,0,0,0,0,0,0,0,0,0,0,0,0,5,0,0,0,0,0,0,0,0,0,0,0,0,0,0,0,0,0,0,0,0,0,0,0,0,0,0,0,0,0,0,0,0,0,0,0,0,0,0,0,0,0,0,0,0,0,0,0,0,0,0,0,0,0,0,0,0,0,0,0,0,0,0,0,0,0,0,0,0,0,0,0,0,0,0,0,0,0,0,5,0,0,5,0,0,0,0,0,0,0,0,0
128,Psychology Union,ACADEMIC Social sciences,"Psychology Union is a proposed ECA open to all SCIE students. It will tentatively be held every Monday as a weekly lecture-based activity. The main aim is to bring together psychology-related clubs at SCIE and create a shared platform for students who are interested in psychology. Instead of functioning as one single club, Psychology Union will work more like a network. Students can attend weekly lectures to gain a general understanding of psychology, and they can also join different club projects based on their own interests.",1,monday,period11,B221,0,0,0,0,0,0,0,0,0,0,0,0,0,0,0,0,0,0,0,0,0,0,0,0,0,0,0,0,0,0,0,0,0,0,0,0,0,0,0,0,0,0,0,0,0,0,0,0,0,0,0,0,0,0,0,0,0,0,0,0,0,0,0,0,0,0,0,0,0,0,0,0,0,0,0,0,0,0,0,0,0,0,0,0,0,0,0,0,0,0,0,0,0,15,0,0,0,0,0,0,0,0,0,0,5,0,0,0,0,0,0,0,0,0,0,0,0,0,0,0,0,0,0,0,0,0,0
129,Psyminar,ACADEMIC Health and wellbeing,"Against the widespread student psychological pressure, this ECA aims to improve students’ health and well-being by targeting the gut-mental health link. Scientific research identifies the gut as the human “second brain”, and imbalanced gut microbiota or impaired gut barrier function can significantly raise stress hormone levels and contribute to anxiety and low mood. Regarding the link between intestinal health and mental wellbeing, this ECA translates science into accessible activities. The ECA aims to raise awareness of nutrition mental health connections via practical exercises and self tracking, thus improving mental wellbeing. In summary, this ECA combines biological knowledge, neuroscience, and psychology with lifestyle management to achieve mental wellbeing via dietary approaches.",1,thursday,period11,A406,0,0,0,0,0,0,0,0,0,0,0,0,0,0,0,0,0,0,0,0,0,0,0,0,0,0,0,0,0,0,0,0,0,0,0,0,0,0,0,0,0,0,0,0,0,0,0,0,0,0,0,0,0,0,0,0,0,0,0,0,0,2,0,0,0,0,0,0,0,0,0,0,0,0,0,0,0,0,6,0,0,0,6,0,0,0,0,0,0,0,0,0,0,6,0,0,0,0,0,0,0,0,0,0,0,0,0,0,0,0,0,0,0,0,0,0,0,0,0,0,0,0,0,0,0,0,0
130,Public Philisophy,ACADEMIC Others,"The Public Philosophy Club is a space where students come together to explore ideas that matter. Whether we’re discussing ethics, identity, the nature of reality, or how philosophy can inform public life, this is the platform to think deeply and share openly.",6,wednesday,lunchtime,A510,0,0,0,0,0,0,0,0,0,0,0,0,0,0,0,0,0,0,0,0,0,0,0,0,0,0,0,0,0,0,0,0,0,0,0,0,0,0,0,0,0,0,0,0,0,0,0,0,0,0,0,0,0,0,0,0,0,0,0,0,0,0,0,0,5,0,0,0,0,0,0,0,0,0,0,0,0,0,0,0,0,0,0,0,0,0,0,15,0,0,0,0,0,0,0,0,0,0,0,0,0,0,0,0,0,0,0,0,0,0,0,0,0,0,0,0,0,0,0,0,0,0,0,0,0,0,0
131,Public-Risk Analysis Club,ACADEMIC Mathematics and computer sciences,"We are a student-led research collective dedicated to dissecting aviation disasters through the lens of public safety. Every session, we reconstruct one historic crash—from cockpit voice recordings to wreckage distribution—and apply the Swiss Cheese Model to trace how minor errors align into catastrophic outcomes. Beyond storytelling, we build our own database: mapping accident hotspots, analyzing pilot age-to-experience correlation (the “U‑curve” of risk), and studying human factors like crew familiarity and circadian rhythms. Our mission is not morbid curiosity, but rational vigilance—transforming tragedy into actionable safety intelligence. We believe every black box holds a lesson not just for aviation, but for emergency response, risk communication, and everyday decision-making. If you seek truth in data and respect in remembrance, join us in rewriting the odds—because the safest flight is the one we never stop learning from.",1,monday,period11,A415,0,0,0,0,0,8,0,0,0,0,0,0,0,0,0,0,0,0,0,0,0,0,0,0,0,0,0,0,0,0,0,0,0,8,0,0,0,0,0,0,0,0,0,0,0,0,0,0,0,0,0,0,0,0,0,0,0,0,0,0,0,0,0,0,0,0,0,0,0,0,0,0,0,0,0,0,0,0,0,0,0,0,0,0,0,0,0,0,0,0,0,0,0,0,0,0,0,4,0,0,0,0,0,0,0,0,0,0,0,0,0,0,0,0,0,0,0,0,0,0,0,0,0,0,0,0,0
132,Quicksilver,SOCIAL Interests and hobbies,"Quicksilver studio has not only been a music club, but the heart of SCIE’s musical expression. As one of the most representative music clubs, we aim for every music lover to find a place to express and showcase, to meet someone with the same hobby, to encounter new and fun people from different ages and backgrounds, or to simply find a place to enjoy music and harmony. Quicksilver is a community built on mutual respect, friendship, and a shared, burning passion for music. We are ""equal friends"" where every voice is heard, and every unique style is encouraged. Our goal is to create a safe, supportive, and inspiring environment where members can be their authentic selves, shine in their own way, and, most importantly, play the “coolest music” with reliable people. We meet to share music, sing songs, and perform our souls out.",1,tuesday,period11,G019,0,0,0,0,0,0,0,0,0,0,0,0,0,0,0,0,0,0,0,0,0,0,0,0,0,0,0,0,0,0,0,0,0,0,0,0,0,0,0,0,0,0,0,0,0,0,0,0,0,0,0,0,0,0,0,0,0,0,0,0,0,0,0,0,0,0,0,0,0,0,0,0,0,0,0,0,0,0,0,0,0,15,0,0,0,5,0,0,0,0,0,0,0,0,0,0,0,0,0,0,0,0,0,0,0,0,0,0,0,0,0,0,0,0,0,0,0,0,0,0,0,0,0,0,0,0,0
133,RIOT RUNNER,SPORTS,RIOT RUNNERS (henceforth RR) is a running team that welcomes runners at all levels.,1,tuesday,period11,Running Track,0,0,0,0,0,0,0,0,0,0,0,0,0,0,0,0,0,0,0,0,0,0,0,0,0,0,0,0,0,0,0,0,0,0,0,0,0,0,0,0,0,0,0,0,0,0,0,0,0,5,0,0,0,0,0,0,0,0,0,0,0,0,0,0,0,0,0,0,0,0,0,0,0,0,0,0,0,0,0,0,0,0,0,0,0,0,0,0,0,0,0,0,0,0,0,0,0,0,0,0,0,13,0,0,0,0,2,0,0,0,0,0,0,0,0,0,0,0,0,0,0,0,0,0,0,0,0
134,ReaL People,SOCIAL Media and creative,"ReaL People is a student-led game-development community that has been running for two years. During this time, members have worked together to turn ideas into playable experiences through writing, art, design, programming, audio, translation, testing, and production planning. Our major project, Preface, is an original narrative game developed collaboratively through shared work on worldbuilding, branching dialogue, interactive design, character and environment concepts, models, bilingual text, and playtesting. Our club records document this process across pages for story structure, interaction lists, character development, dialogue, translation, and visual assets. This year, we will continue as a practical creative studio where students learn through small team projects, structured feedback, and iterative improvement.",1,tuesday,period11,A219,0,0,0,0,0,0,0,0,0,0,0,0,0,0,0,0,0,0,0,0,0,0,0,0,0,0,0,0,2,0,0,0,0,0,0,3,0,0,0,0,0,0,0,0,0,0,0,0,0,0,0,0,0,0,6,0,0,0,0,0,0,0,0,0,0,0,0,0,0,0,0,0,0,0,0,0,0,0,0,0,0,0,0,0,0,0,0,0,0,0,0,0,6,0,0,0,0,0,0,0,0,0,0,0,0,0,0,0,0,0,0,0,0,0,0,0,0,0,0,0,0,0,0,0,0,3,0
135,Red Cross,SOCIAL Volunteers and charitable projects,"SCIE Red Cross, founded in 2010, is one of the oldest and largest societies in Shenzhen College of International Education. It is an outstanding social ECA certified by international organizations, dedicated to promoting humanitarian spirit of borderless care. Under the guidance of Shenzhen Red Cross headquarters and school medical teachers, we integrate first aid training, charity volunteer activities and mental health promotion. We hold regular after-school activities every Tuesday, providing systematic first aid knowledge learning, forming first aid teams for school sports events, carrying out volunteer services at Min'ai Welfare Institute, organizing AHA first aid certificate training, Mental Health Week and first aid lectures. We also launch new projects including first aid handbook compilation and off-campus community first aid teaching, committed to serving the campus and the public with practical humanitarian actions.",4,tuesday,period11,B526,0,0,0,0,0,0,0,0,0,0,0,0,0,0,0,0,0,0,6,0,0,0,0,0,5,0,0,0,0,0,0,0,0,0,0,0,0,0,0,0,0,0,0,0,0,0,0,0,0,0,0,0,0,0,0,0,0,0,0,0,0,2,0,0,0,0,0,0,0,0,0,0,0,0,0,0,0,0,5,0,0,0,0,0,0,0,0,0,0,0,0,0,0,0,0,0,0,0,0,0,0,0,0,0,0,0,0,0,0,0,0,0,0,0,0,0,0,0,0,0,2,0,0,0,0,0,0
136,Relevé Balllet Ensemble,SOCIAL Active and performance,"Relevé Ballet Ensemble is a student-led dance ECA designed for students who love ballet and seek opportunities to dance on the stage. The ECA provides opportunities for students to develop ballet techniques and artistic expression in a supportive and collaborative environment. Through regular activities, members will be introduced to ballet works from different choreographers, styles, and historical periods, developing a broader understanding of this art form. In addition, we will explore choreography and performance, allowing members to work together to create dance pieces and perform at events like SCIE Got Talent and New Year Concert.",1,monday,period11,G022,0,0,0,0,0,0,0,0,0,0,0,0,0,0,0,0,0,0,0,0,0,0,0,0,0,0,0,0,0,0,0,0,15,0,0,0,0,0,0,0,0,0,0,0,0,0,0,0,0,0,0,0,0,0,0,0,0,0,0,0,0,0,0,0,0,0,0,0,0,0,0,0,0,0,0,0,0,0,0,0,0,0,0,0,0,5,0,0,0,0,0,0,0,0,0,0,0,0,0,0,0,0,0,0,0,0,0,0,0,0,0,0,0,0,0,0,0,0,0,0,0,0,0,0,0,0,0
137,Resonance: The Music & Ideology Club,SOCIAL Culture,"Resonance is a discussion-based ECA dedicated to exploring the deeper ideologies, political messages, and social representations embedded within popular and alternative music. Far from just listening to catchy tunes, we analyze music as a historical and cultural artifact. We will dissect how artists use their platforms to express the struggles of specific demographics, challenge the status quo, and reflect the historical zeitgeist of their eras. For example, we will analyze Green Day's American Idiot as a critique of post-9/11 media paranoia, exploring who the ""idiot"" represents and what generational anxieties the album voices. By bridging music with social sciences and history, members will develop critical media literacy, learn to interpret complex narratives, and enjoy lively, respectful debates about the soundtracks that shape our society.",1,monday,period11,A212,0,0,0,0,0,0,0,0,0,0,0,0,0,0,0,0,0,0,0,0,0,0,0,0,0,0,0,0,0,0,0,0,0,0,0,0,0,0,0,0,0,0,0,0,0,0,0,0,0,0,0,0,0,0,0,0,0,0,0,0,0,0,5,0,0,0,0,0,0,0,0,0,0,0,0,0,2,0,0,0,0,6,0,0,0,0,0,0,0,0,0,5,0,0,0,0,0,0,0,0,0,0,0,0,2,0,0,0,0,0,0,0,0,0,0,0,0,0,0,0,0,0,0,0,0,0,0
138,Running for Athletic Performance,SPORTS,"A mix of running styles that aim to improve athletic perfomance in sports. The aim is to diversify the types of running including sprinting to slow jogging in order to improve fitness in a way that's engaging and that can provide tangible effects. This is not simply just running for an hour, it's structured and motivational.",0,thursday,period11,Balcony in H100,0,0,0,0,0,0,0,0,0,0,0,0,0,0,0,0,0,0,0,0,0,0,0,0,0,0,0,0,0,0,0,0,0,0,0,0,0,0,0,0,0,0,0,0,0,0,0,0,0,5,0,0,0,0,0,0,0,0,0,0,0,0,0,0,0,0,0,0,0,0,0,0,0,0,0,0,0,0,0,0,0,0,0,0,0,0,0,0,0,0,0,0,0,0,0,0,0,0,0,0,0,13,0,0,0,0,2,0,0,0,0,0,0,0,0,0,0,0,0,0,0,0,0,0,0,0,0
139,SCIE Anatomy Club,ACADEMIC Natural sciences,"The Anatomy Club aims to provide students with a deeper understanding of human anatomy and biological structures through both theoretical learning and hands-on practical activities. Members will explore topics such as the nervous system, respiratory system, circulatory system and other human organs/ systems. The club also conducts practical sessions using animal specimens, including frogs and pig organs such as the kidney, lung, and brain, to help members connect anatomical knowledge with real biological structures. This year, we also hope to introduce basic suturing practice to expand members’ understanding of practical medical techniques.",1,tuesday,period11,B531,0,0,0,0,0,0,0,0,0,0,0,0,0,0,0,6,0,0,0,0,0,0,0,0,0,0,0,0,0,0,0,0,0,0,0,0,0,0,0,0,0,0,0,6,0,0,0,0,0,0,0,0,0,0,0,0,0,0,0,0,0,2,0,0,0,0,0,0,0,0,0,0,0,0,0,0,0,6,0,0,0,0,0,0,0,0,0,0,0,0,0,0,0,0,0,0,0,0,0,0,0,0,0,0,0,0,0,0,0,0,0,0,0,0,0,0,0,0,0,0,0,0,0,0,0,0,0
140,SCIE Basketball League,SPORTS,"This is a formal 5v5 basketball tournament in SCIE. There are 5 teams in this ECA lead by various captains-all are from SISAC school team or ISL school team-to compete for the final championship in the end of this school year. There will be a tryount monitored by coaches from SISAC and ISL team to ensure the impartiality of picking the players. Every basketball enthusiasts can attend this ECA. The players are drafted by five teams' captains to form a team that at least contain 8 team members. The rountine in the ECA are divided into two parts-regular season and the playoffs season. Firstly, the five teams are playing against each other during the regular season to get the four playoffs spot, meaning that one team will not be in the playoffs competitions. Then, the games in playoffs will be one-off games, which makes winning more coincidential and ensures the tournament will end before the march(won't affect by the external examination schedule).",1,tuesday,period11,BBL,0,0,0,0,0,0,0,0,0,0,0,0,0,9,0,0,0,0,0,0,0,0,0,0,0,1,0,0,0,0,0,0,0,0,0,0,0,0,0,0,0,0,0,0,0,0,0,0,0,4,0,0,0,0,0,0,0,0,0,0,0,0,0,0,0,0,0,0,0,0,0,0,0,0,0,0,0,0,0,0,0,0,0,0,0,0,0,0,0,0,0,0,0,0,0,0,0,0,0,0,0,0,0,0,0,0,2,0,0,0,0,0,0,4,0,0,0,0,0,0,0,0,0,0,0,0,0
141,SCIE Biologue,ACADEMIC Natural sciences,"This eca aims to report recent events in the campus and explain them in a biological and scientific way, and to present it to the students every two weeks as a magazine.",2,monday,period11,A201,0,0,2,0,0,0,0,0,0,0,0,0,0,0,0,6,0,0,0,0,0,0,0,0,0,0,0,0,0,0,0,0,0,0,0,0,0,0,0,0,0,0,0,0,0,0,0,0,0,0,0,0,0,0,0,0,0,0,0,0,0,0,0,0,0,0,5,0,0,0,0,0,0,0,0,0,2,0,0,0,0,0,0,0,0,0,0,0,0,0,0,0,0,0,0,0,0,0,0,0,0,0,0,0,0,0,0,0,0,0,0,0,0,0,0,0,0,0,0,0,0,0,0,0,0,5,0
142,SCIE Champion League,SPORTS,"The SCIE Champion League (SCL) is an inclusive, intramural 6-a-side football league dedicated to fostering sportsmanship, teamwork, and healthy competition within the school community. Designed to welcome students of all genders and skill levels—from absolute beginners to advanced players—SCL prioritizes passion and creativity over technical perfection, providing a highly supportive environment for athletic expression. A defining feature of the league is its NBA-inspired draft mechanism. At the beginning of the academic year, all participants undergo a skills assessment followed by a structured draft, ensuring balanced team rosters and highly competitive midday matches. Beyond intramural play, SCL also unites its top talents into a representative squad to compete in friendly matches against other international schools. More than just a sports tournament, SCL acts as a dynamic campus platform that bridges diverse student groups, cultivates school spirit, and promotes holistic development through a shared love of the beautiful game.",1,monday,period11,FBL,0,0,0,0,0,0,0,0,0,0,0,0,0,0,0,0,0,0,0,0,0,0,0,0,0,1,0,0,0,0,0,0,0,0,0,0,0,0,0,0,0,0,0,0,0,0,0,0,0,4,0,9,0,0,0,0,0,0,0,0,0,0,0,0,0,0,0,0,0,0,0,0,0,0,0,0,0,0,0,0,0,0,0,0,0,0,0,0,0,0,0,0,0,0,0,0,0,0,0,0,0,0,0,0,0,0,2,0,0,0,0,0,0,4,0,0,0,0,0,0,0,0,0,0,0,0,0
143,SCIE Cycling Team (SCT),SPORTS,"SCT is a cycling club that aims to help students ride safely, correctly and confidently while enjoying the sport of cycling. We welcome riders of different experience levels and provide guidance on cycling skills, road safety, group riding and basic bike maintenance. We also introduce sports science knowledge, including endurance training, pacing, recovery and fitness management, so members can improve their performance in a healthy and sustainable way. Through regular training and group rides, SCT hopes to promote fitness, teamwork and a long-term interest in cycling.",1,friday,period11,A205,0,0,0,0,0,0,0,0,0,0,0,0,0,0,0,0,0,0,0,0,0,0,0,0,0,0,0,0,0,0,0,10,0,0,0,0,0,0,0,0,0,0,0,0,0,0,0,0,0,4,0,0,0,0,0,0,0,0,0,0,0,0,0,0,0,0,0,0,0,0,0,0,0,0,0,0,0,0,0,0,0,0,0,4,0,0,0,0,0,0,0,0,0,0,0,0,0,0,0,0,0,0,0,0,0,0,2,0,0,0,0,0,0,0,0,0,0,0,0,0,0,0,0,0,0,0,0
144,SCIE Dub Club,SOCIAL Active and performance,"The SCIE Dub Club (SDC) offers students an engaging platform to explore the art of voice acting and dubbing. Through weekly sessions, members practice dubbing selected scenes from animations, movies, and TV series in a relaxed and supportive environment. The club focuses on developing vocal flexibility, emotional expression, and technical skills—including voice modulation for different character types . Members also learn about script adaptation, audio synchronization, and basic sound editing. SDC encourages collaboration and creativity, allowing students to perform individually or in groups, share feedback, and improve together. Whether for fun, skill-building, or connecting with like-minded peers, the club aims to cultivate confidence, linguistic ability, and an appreciation for performance arts. No prior experience is required—only enthusiasm for storytelling through voice.",1,thursday,lunchtime,A212,0,0,0,0,0,0,0,0,0,0,0,0,0,0,0,0,0,0,0,0,0,0,0,0,0,0,0,0,0,0,0,0,0,0,0,0,0,0,0,0,0,0,0,0,0,0,0,0,0,0,0,0,0,0,0,0,0,0,0,0,0,0,0,0,0,0,0,0,0,0,0,0,0,0,0,0,0,0,0,0,0,0,0,0,0,5,0,0,0,0,0,0,0,0,0,0,0,0,0,0,0,0,0,0,0,0,0,0,0,0,0,0,0,0,0,0,0,0,15,0,0,0,0,0,0,0,0
145,SCIE Economics Hub,ACADEMIC Business and economics,"SCIE Economics Hub is an economics society that introduces students to the subject and guides those preparing to study economics at the university level. We focus on developing an intuitive understanding of the conceptual frameworks central to modern economic theory. We use mathematical modeling where helpful to illustrate key economic methods and formal definitions. We welcome all students interested in economics to join us, explore the subject, and share ideas with a cohort of passionate and intellectually curious peers.",1,thursday,period11,A415,0,0,0,0,5,0,0,0,0,0,0,0,0,0,0,0,0,0,0,0,0,0,0,0,0,0,0,0,0,0,0,0,0,0,0,0,0,0,15,0,0,0,0,0,0,0,0,0,0,0,0,0,0,0,0,0,0,0,0,0,0,0,0,0,0,0,0,0,0,0,0,0,0,0,0,0,0,0,0,0,0,0,0,0,0,0,0,0,0,0,0,0,0,0,0,0,0,0,0,0,0,0,0,0,0,0,0,0,0,0,0,0,0,0,0,0,0,0,0,0,0,0,0,0,0,0,0
146,SCIE Fashion Show,SOCIAL Media and creative,"Fashion Show is a student-led ECA where members work together to organize the annual school Fashion Show. Members will be divided into different departments and take part in different parts of the preparation, such as deciding the theme, organizing auditions, publicity, model and designer management, and planning the final show. Throughout the process, members are encouraged to share their own ideas and take responsibility for different tasks. Although our final goal is to organize the Fashion Show, the ECA is also a place for students who are interested in fashion, design, media, event planning, or simply want to be part of a creative project and work with other students.",1,thursday,lunchtime,A220,0,0,0,0,0,0,0,0,0,0,0,0,0,0,0,0,0,0,0,0,0,0,0,0,0,0,0,0,3,0,0,0,0,0,0,7,0,0,0,0,0,0,0,0,7,0,0,0,0,0,0,0,0,0,0,0,0,0,0,0,0,0,0,0,0,0,0,0,0,0,0,0,0,0,0,0,3,0,0,0,0,0,0,0,0,0,0,0,0,0,0,0,0,0,0,0,0,0,0,0,0,0,0,0,0,0,0,0,0,0,0,0,0,0,0,0,0,0,0,0,0,0,0,0,0,0,0
147,SCIE Fencing team,SPORTS,"Our club brings fencing to campus through engaging activities with a strong emphasis on actual bouting. We organize practice matches and friendly competitions, helping members learn by doing. Everyone can find a suitable sparring partner and gain valuable experience through live fencing. Our goal is to create a vibrant community where students enjoy the thrill of real combat while developing their skills in a safe and encouraging atmosphere.",1,friday,period11,Balcony in H100,0,0,0,0,0,0,0,0,0,0,0,0,0,0,0,0,0,0,0,0,0,0,0,0,0,1,0,0,0,0,0,0,0,0,0,0,0,0,0,0,0,0,0,0,0,9,0,0,0,4,0,0,0,0,0,0,0,0,0,0,0,0,0,0,0,0,0,0,0,0,0,0,0,0,4,0,0,0,0,0,0,0,0,0,0,0,0,0,0,0,0,0,0,0,0,0,0,0,0,0,0,0,0,0,0,0,2,0,0,0,0,0,0,0,0,0,0,0,0,0,0,0,0,0,0,0,0
148,SCIE Finance Club,ACADEMIC Business and economics,"As one of SCIE's largest and oldest finance clubs (over 10 years of history), SCIE Finance Club (SFC) offers something for everyone—it is built for the ones who are passionate about finance and investing, or simply aiming for a prosperous future. The finance lectures we offered are guaranteed to broaden students’ horizons and give them valuable insights students won't find elsewhere. Our lecture content includes but not limited to compound interest, risk-return tradeoff, candlestick and even behavioral finance. More importantly, the core numbers will lead group discussions about the breaking financial news updated frequently, to help students understand how the financial markets work.",1,monday,period11,A414,0,0,0,0,0,0,0,0,0,0,0,0,0,0,0,0,0,2,0,0,0,0,0,0,0,0,0,0,0,0,0,0,0,0,0,0,0,0,6,0,0,0,0,0,0,0,0,0,6,0,0,0,0,0,0,0,0,0,0,0,0,0,0,0,0,6,0,0,0,0,0,0,0,0,0,0,0,0,0,0,0,0,0,0,0,0,0,0,0,0,0,0,0,0,0,0,0,0,0,0,0,0,0,0,0,0,0,0,0,0,0,0,0,0,0,0,0,0,0,0,0,0,0,0,0,0,0
149,SCIE Fitness Club,ACADEMIC Mathematics and computer sciences,"Fitness ECA aims to help students develop a scientific, safe, and sustainable approach to resistance training and physical fitness. Rather than simply exercising together, members will learn the principles behind effective training, including exercise technique, movement mechanics, training progression, recovery, and basic program design. As the ECA leader, I have 3 years of self-weight training and 2 years of systematic resistance-training experience and have developed a deeper understanding of exercise selection, movement patterns, training volume and intensity, fatigue management, and the logic behind different training approaches. I hope to share these ideas in an accessible and practical way, helping members understand not only how to perform an exercise, but also why it is performed in a certain way. Sessions will combine short explanations, practical demonstrations, movement workshops, form analysis, and discussion. The ECA will be suitable for both beginners who want to start training safely and more experienced students who want to improve their understanding of training.",1,friday,period11,Students gym,0,0,0,0,0,0,0,0,0,0,0,0,0,0,0,0,0,0,0,0,0,0,0,0,0,0,0,0,0,0,0,0,0,0,0,0,0,0,0,0,0,0,0,0,0,0,0,0,0,12,0,0,0,0,0,0,0,0,0,0,0,4,0,0,0,0,0,0,0,0,0,0,0,0,0,0,0,0,0,0,0,0,0,0,0,0,0,0,0,0,0,0,0,0,0,0,0,0,0,0,0,0,0,0,0,0,4,0,0,0,0,0,0,0,0,0,0,0,0,0,0,0,0,0,0,0,0
150,SCIE Golf Society,SPORTS,"founded 2 years ago, the SCIE Golf Society is a fantastic ECA for golfers to practice, communicate and improve. This year, we'll be focusing on playing tournaments and helping the school to form its varsity to participate in inter-school competitions.",1,friday,period13,H102,0,0,0,0,0,0,0,0,0,0,0,0,0,0,0,0,0,0,0,0,0,0,0,0,0,3,0,0,0,0,0,0,0,0,0,0,0,0,0,0,0,0,0,0,0,0,0,0,0,7,0,0,0,0,0,0,0,0,0,7,0,0,0,0,0,0,0,0,0,0,0,0,0,0,0,0,0,0,0,0,0,0,0,0,0,0,0,0,0,0,0,0,0,0,0,0,0,0,0,0,0,0,0,0,0,0,3,0,0,0,0,0,0,0,0,0,0,0,0,0,0,0,0,0,0,0,0
151,SCIE Guitar Club,SOCIAL Interests and hobbies,"SCIE Guitar Club is a student‑led hobby‑oriented community open to all students, regardless of prior guitar experience. We welcome absolute beginners who have never touched an instrument, as well as intermediate and advanced guitar players. Our club creates a relaxed, supportive space for students to share passion for string‑instrument music. Members can practice acoustic or electric guitar, exchange playing tips, learn popular songs, and jam with peers. We encourage mutual help: experienced players will share basic techniques for new members. We aim to build a friendly musical community where students can unwind from academic pressure and connect with others who love guitar music.",1,tuesday,period11,A305,0,0,0,0,0,0,0,0,0,0,0,0,0,0,0,0,0,0,0,0,0,0,0,0,0,0,0,0,0,0,0,0,0,0,0,0,0,0,0,0,0,0,0,0,0,0,0,0,0,0,0,0,0,0,0,0,0,0,0,0,0,0,0,4,0,0,0,0,0,0,0,0,0,0,0,0,0,0,0,0,0,12,0,0,0,4,0,0,0,0,0,0,0,0,0,0,0,0,0,0,0,0,0,0,0,0,0,0,0,0,0,0,0,0,0,0,0,0,0,0,0,0,0,0,0,0,0
152,SCIE HMA,SPORTS,"Our club prioritizes safety while fostering competitiveness, creating an academic and practical growth platform for cold weapon and martial art. All techniques we learn are from official textbooks of martial arts.",1,monday,period13,Balcony in H100,0,0,0,0,0,0,0,0,0,0,0,0,0,0,0,0,0,0,0,0,0,0,0,0,0,3,0,0,0,0,0,0,0,0,0,0,0,0,0,0,0,0,0,0,0,0,0,0,0,7,0,0,0,0,0,0,0,0,0,0,0,0,0,0,0,0,0,0,0,0,0,0,0,0,7,0,0,0,0,0,0,0,0,0,0,0,0,0,0,0,0,0,0,0,0,0,0,0,0,0,0,0,0,0,0,0,3,0,0,0,0,0,0,0,0,0,0,0,0,0,0,0,0,0,0,0,0
153,SCIE Historical Committee,ACADEMIC Social sciences,History ECA that tutors students from G1-G2 about IGCSE content. But also adds additional content to whatever the students are interested in.,19,monday,period13,A210,0,0,0,0,3,0,0,0,0,0,0,0,0,0,0,0,0,0,0,0,0,0,0,0,0,0,0,0,0,0,0,0,0,0,0,0,0,0,0,0,0,0,0,0,0,0,0,0,0,0,0,0,0,0,0,0,0,0,0,0,0,0,9,0,0,0,0,0,0,0,0,0,0,0,0,0,0,0,0,0,0,0,0,0,0,0,0,0,0,0,0,0,0,0,0,0,0,0,0,0,0,0,0,0,0,0,0,0,0,0,0,0,8,0,0,0,0,0,0,0,0,0,0,0,0,0,0
154,SCIE Ink & Quills Literary Magazine,ACADEMIC Social sciences,"SCIE Ink & Quills Literature Magazine 2026–27 Recruitment Ink & Quills consists of two parts: ✦ Creative Writing Sessions: Weekly Club Activities Fiction · Creative Nonfiction · Poetry Lessons ✦ Magazine Publication Submissions · Editing · Proofreading · Typesetting · Design · Printing We welcome everyone: Writers / Columnists Content Editors Formatting Editors Designers Photographers / Artists If you enjoy writing, editing, or design—or if you’d like to be hands-on in the entire process of creating a campus literary magazine, from first draft to print—we invite you to join Ink & Quills!",1,monday,period11,A210,0,0,0,0,0,0,0,0,0,0,0,0,0,0,0,0,0,0,0,0,0,0,0,0,0,0,0,0,2,0,0,0,0,0,0,5,0,0,0,0,0,0,0,0,0,0,0,0,0,0,0,0,0,0,0,0,0,0,0,0,0,0,0,0,0,0,0,0,0,0,5,0,0,0,0,0,2,0,0,0,0,0,0,0,0,0,0,0,0,0,0,0,0,0,0,0,0,0,0,0,0,0,0,0,0,0,0,0,0,0,0,0,0,0,0,0,0,0,0,0,0,0,0,0,0,6,0
155,SCIE Linguistics Club,ACADEMIC Languages,"The Linguistics Club is a student-led club that explores how language works and how it shapes our understanding of society. Through interactive quizzes, discussions, presentations, and activities, we explore topics including sociolinguistics, language and gender, semantics, phonetics, and language diversity. The club aims to make linguistics accessible and engaging while encouraging students to question assumptions about language and discover how it connects to everyday life.",1,tuesday,period11,B530,0,0,0,0,0,0,0,0,0,0,0,0,0,0,0,0,0,0,0,0,0,0,0,0,0,0,0,0,0,0,0,0,0,0,0,0,0,0,0,0,0,0,0,0,0,0,0,0,0,0,0,0,0,0,0,0,0,0,0,0,0,0,0,0,0,0,0,0,0,15,0,0,0,0,0,0,0,0,0,0,0,0,0,0,0,0,0,0,0,0,0,0,0,0,0,0,0,0,0,0,0,0,0,0,5,0,0,0,0,0,0,0,0,0,0,0,0,0,0,0,0,0,0,0,0,0,0
156,SCIE Mahjong League,SOCIAL Interests and hobbies,"We consider Mahjong as an excellent mind sport. As so, we provide opportunity for student to attend in our monthly competitions, where students can attend freely everyday and cumulate scores. For beginners, we provide lessons of Mahjong of basic rules to techniques both in regular games and specific strategy in tournament, where students will come up to teach others based on professional books. This is also a place for students to meet other people who have similar interests, where we can have fun and reduce stress from studying. In addition, this can also express and intrigue people's interests of traditional cultures.",19,friday,period13,A409,0,0,0,0,0,0,0,0,0,0,0,0,0,0,0,0,4,0,0,0,0,3,0,0,0,2,0,0,0,0,0,0,0,0,0,0,0,0,0,0,0,0,0,0,0,0,0,0,0,0,0,0,0,0,0,0,0,0,0,0,0,0,0,0,0,0,0,0,0,0,0,0,0,8,0,0,0,0,0,0,0,0,0,0,0,0,0,0,0,0,0,0,0,0,0,0,0,0,0,0,0,0,0,0,0,0,0,3,0,0,0,0,0,0,0,0,0,0,0,0,0,0,0,0,0,0,0
157,SCIE Media,SOCIAL Media and creative,"SCIE Media aims to create a student-led media platform that documents school life, shares student voices, and strengthens the connection within the SCIE community and to the public. Members will conduct interviews, produce short videos, and manage social media content to showcase campus events, student experiences, and school culture.",1,tuesday,period11,A201,0,0,0,0,0,0,0,0,0,0,0,0,0,0,0,0,0,0,0,0,0,0,0,0,0,0,0,0,0,0,0,0,0,0,0,0,0,0,0,0,0,0,0,0,0,0,0,8,0,0,0,0,0,0,0,0,0,0,0,0,0,0,0,0,0,0,9,0,0,0,0,0,0,0,0,0,3,0,0,0,0,0,0,0,0,0,0,0,0,0,0,0,0,0,0,0,0,0,0,0,0,0,0,0,0,0,0,0,0,0,0,0,0,0,0,0,0,0,0,0,0,0,0,0,0,0,0
158,SCIE Mock Trial,ACADEMIC Social sciences,"SCIE Mock trial will train students to become skilled attorneys and witnesses, prepared to participate in high level mock trial competitions such as International Mock Trial, Peer Potential Mock Trial, etc. Through teaching the federal rules of evidence, procedures of a trial, public speaking skills, performance tips, students will be prepared for success in mock trial while also getting an introduction to law related knowledge.",1,monday,period11,A510,0,0,0,0,0,0,0,0,0,0,0,0,0,0,0,0,0,0,0,0,0,0,0,0,0,3,0,0,0,0,0,0,0,0,8,0,0,0,0,0,0,0,0,0,0,0,0,0,0,0,0,0,0,0,0,0,0,0,0,0,0,0,0,0,0,0,0,0,9,0,0,0,0,0,0,0,0,0,0,0,0,0,0,0,0,0,0,0,0,0,0,0,0,0,0,0,0,0,0,0,0,0,0,0,0,0,0,0,0,0,0,0,0,0,0,0,0,0,0,0,0,0,0,0,0,0,0
159,SCIE Philosophy Club,ACADEMIC Social sciences,"SCIE Philosophy Club is a discussion-based ECA for students interested in examining everyday questions more carefully. Each session begins with a question, thought experiment, short reading, film clip, or real-world case, followed by student-led discussion and argument. Topics may include free will, personal identity, morality, knowledge, language, aesthetics, political philosophy, and questions raised by new technologies such as artificial intelligence. Rather than requiring previous knowledge of philosophy, the club will introduce philosophical ideas when they become useful for understanding the question at hand. Members will learn to identify assumptions, construct arguments, respond to objections, and revise their views through discussion. We hope to create an open environment in which disagreement is treated as something to investigate rather than something that has to be resolved immediately.",1,tuesday,lunchtime,A210,0,0,0,0,0,0,0,0,0,0,0,0,0,0,0,0,0,0,0,0,0,0,0,0,0,0,0,0,0,0,0,0,0,0,8,0,0,0,0,0,0,0,0,0,0,0,0,0,0,0,0,0,0,0,0,0,0,0,0,0,0,0,0,0,3,0,0,0,0,0,0,0,0,0,0,0,0,0,0,0,0,0,0,0,0,0,0,9,0,0,0,0,0,0,0,0,0,0,0,0,0,0,0,0,0,0,0,0,0,0,0,0,0,0,0,0,0,0,0,0,0,0,0,0,0,0,0
160,SCIE Puzzle Hunter,SOCIAL Interests and hobbies,"Puzzle Hunt is an event where teams compete to solve a series of puzzles. It originated from MIT in 1981 and has now become one of the most popular events in universities. Puzzle Hunt is a community with diversity. Everyone can find their excellent field. In SCIE Puzzle Hunter, students will delve into different types of puzzles: logic puzzles, crosswords, cryptography, steganography, detective fiction, linguistics, etc. Through this process, we will explore useful techniques that can be used in puzzle hunt: searching, frequency analysis, brute force machines, solvers, etc. We will try past puzzle hunts like MIT Mystery Hunt and Microsoft Puzzle Hunt to feel the charm of those exciting puzzle structures and designs. Furthermore, we will form teams to participate in those ongoing hunts and compete with teams from all over the world. Like those hunts held by other universities, our ultimate goal is to write our own SCIE Puzzle Hunt in this year.",1,thursday,period11,B532,0,0,0,0,0,0,9,0,0,0,0,0,0,0,0,0,0,0,0,0,0,0,0,0,0,2,0,0,0,0,0,0,0,0,0,0,0,0,0,0,0,0,0,0,0,0,0,0,0,0,0,0,0,0,0,0,0,0,0,0,0,0,0,1,0,0,0,0,0,0,0,0,0,0,0,4,0,0,0,0,0,0,0,0,0,0,0,0,0,0,0,0,0,0,0,0,0,0,0,0,0,0,0,0,0,0,0,4,0,0,0,0,0,0,0,0,0,0,0,0,0,0,0,0,0,0,0
161,SCIE ROWING,SPORTS,"SCIE Rowing is a club founded in 2021, we believe that Rowing is not only a sport that improves personal performance, but also a test of perseverance and teamwork ability. Rowing is also highly respected in prestigious schools in Britain and the United States, and most schools have their ownrowing teams. For students who yearn for Oxford and Cambridge, rowing is even more an elitesport with a centuries-old cultural heritage, because the most famous sports event between the two universities is the Oxford-Cambridge Boat Race.",12,friday,period11,A201,0,0,0,0,0,0,0,0,0,0,0,0,0,0,0,0,0,0,0,0,0,0,0,0,0,0,0,0,0,0,0,0,0,0,0,0,0,0,0,0,0,0,0,0,0,0,0,0,0,3,0,0,0,0,0,0,0,0,0,0,0,0,0,0,0,0,0,0,0,0,0,0,0,0,0,0,0,0,0,0,0,0,0,0,0,0,0,0,0,0,0,0,0,0,0,0,0,0,0,0,8,0,0,0,0,0,2,0,0,0,0,0,0,3,0,0,0,0,0,0,0,4,0,0,0,0,0
162,SCIE RhythmGames,SOCIAL Interests and hobbies,"The SCIE Rhythm Games ECA targets players interested in further understanding rhythm games and making friends with similar interests. The ECA focuses on building strong connections between players and educating players on rhythm game chart production. During each session, a designated presenter will provide a short introduction lasting 15 to 30 minutes around a typical type of rhythm game, famous rhythm game music producer, or chart production. Advanced players knowledgeable about the specific topics could volunteer to be the presenter in charge of the introductions for the weeks, which helps improve the quality of content and sense of participation. Members can stay after the introduction to attend activities such as video recording or join multi-player mode with other members. Regular activities such as song producer guessing, draw and guess, and friendly competition amongst club members will also be available. This ECA plans to provide lessons and activities that alternate between different options. The session will last from 4:45 to 5:15. The Game introduction will focus on a famous rhythm game, introducing its mechanism, style of music and art, well-known songs and characters, and strengths and weaknesses. Music producers' introductions will focus on their music groups, how their style and genre changed over time, their best songs, and the famous rhythm game songs they produced. The presenter will present the topic each week with a PowerPoint presentation and short clips of the game and music. Below is a brief draft for the first 10 ECA sessions.",1,monday,period11,A617,0,0,0,0,0,0,0,0,0,0,0,0,0,0,0,0,0,0,0,0,0,0,0,0,0,0,0,0,0,0,0,0,0,0,0,0,0,0,0,0,0,0,0,0,0,0,0,0,0,0,0,0,0,0,0,3,0,0,0,0,0,0,0,3,0,0,0,0,0,0,0,0,0,0,0,0,0,0,0,0,0,7,0,0,0,0,0,0,0,0,0,0,0,0,0,0,0,0,7,0,0,0,0,0,0,0,0,0,0,0,0,0,0,0,0,0,0,0,0,0,0,0,0,0,0,0,0
163,SCIE Robotics Team,ACADEMIC Technology and engineering,"SCIE Robotics Team is SCIE’s student-led FIRST Tech Challenge (FTC) programme, returning for its third year. Each season, members work together to design, build, program and drive a robot for a new competition game released worldwide. FTC combines the energy and teamwork of a sport with real engineering, creativity and strategy. The team will compete in official FTC qualifying tournaments, work towards advancement to championship events. No previous robotics experience is required. New members receive structured training and can explore mechanical design, CAD, electronics, software, computer vision, match strategy, media, business and community outreach. Whether you want to machine a mechanism, write autonomous code, secure a sponsor or present to judges, there is a meaningful role for you. SCIE’s team has won an FTC qualifier, captained a finalist alliance, received second place for the Inspire Award and won the Innovate Award; its 2025–26 robot also reached third in the global TeleOp rankings. Beyond competition, members showcase robotics at school events, visit technology companies, deliver STEM activities for younger students and collaborate with other FIRST teams to expand impactful outreach in China and the wider world. Come build ambitious things, learn from failure, compete and have fun with a supportive team. FIRST Impact Report: https://www.firstinspires.org/hubfs/web/about/report/annual_report_2025.pdf",3,monday,lunchtime,A606,0,0,0,0,0,0,0,0,0,0,0,0,0,0,0,0,0,0,0,0,0,0,0,0,0,1,0,0,0,0,0,0,0,0,0,0,0,0,0,3,0,0,0,0,0,0,0,0,0,0,0,0,0,0,0,0,0,0,0,0,5,0,0,0,0,0,0,0,0,0,0,0,0,0,0,0,0,0,0,0,0,0,0,0,0,0,0,0,0,0,0,0,5,0,0,0,0,0,0,6,0,0,0,0,0,0,0,0,0,0,0,0,0,0,0,0,0,0,0,0,0,0,0,0,0,0,0
164,SCIE Singing Club,SOCIAL Active and performance,"SCIE Singing Club is a place for students who enjoy singing or want to improve their singing skills. The club focuses on teaching basic singing techniques, such as vocal warm-ups, breathing control, pitch, and rhythm. We hope to create a comfortable and supportive environment where everyone can practice singing without feeling nervous or pressured. The club welcomes students of all experience levels, including beginners who may not have much confidence in their voice. Through regular practices and group activities, members can gradually improve their skills and become more comfortable performing in front of others. If possible, we hope to participate in school performances such as SGT, giving members opportunities to share their progress and experience singing on stage.",1,friday,lunchtime,G117,0,0,0,0,0,0,0,0,0,0,0,0,0,0,0,0,0,0,0,0,0,0,0,0,0,0,0,0,0,0,0,0,0,0,0,0,0,0,0,0,0,0,0,0,0,0,0,0,0,0,0,0,0,0,0,0,0,0,0,0,0,0,0,0,0,0,0,0,0,0,0,0,0,0,0,0,0,0,0,0,0,9,0,0,0,3,0,0,0,0,0,0,0,0,0,0,0,0,0,0,0,0,0,0,0,0,0,0,0,0,0,0,8,0,0,0,0,0,0,0,0,0,0,0,0,0,0
165,SCIE Swimming Team,SPORTS,"Swimming Team offers an inclusive platform for both enthusiastic recreational swimmers and competitive skilled athletes. Members improve physical fitness, build stamina and develop water‑safety awareness including basic lifesaving knowledge through regular group training sessions. We value teamwork and collective spirit greatly: teammates support one another during practice, share skills and encourage each other to push personal limits. Participants take part in inter‑school swimming competitions, where they gain real‑world competitive experience, learn to handle pressure and foster sportsmanship. Beyond races, our team creates a welcoming community. Regardless of initial ability, every member gets opportunities to grow, cooperate with peers and build resilience both in and out of the pool.",1,friday,period11,A210,0,0,0,0,0,0,0,0,0,0,0,0,0,0,0,0,0,0,0,0,0,0,0,0,0,1,0,0,0,0,0,0,0,0,0,0,0,0,0,0,0,0,0,0,0,0,0,0,0,4,0,0,0,0,0,0,0,0,0,0,0,0,0,0,0,0,0,0,0,0,0,0,0,0,0,0,0,0,0,0,0,0,0,0,0,0,0,0,0,0,0,0,0,0,0,0,0,0,0,0,0,0,0,0,0,0,2,0,9,0,0,0,0,0,0,0,0,0,0,0,0,4,0,0,0,0,0
166,SCIE Table Tennis League,SPORTS,"STTL is established for gathering all table tennis lover inside the campus, training together for better performance and forming matches within school, we have represent SCIE for friendly matches with SGA and Basis for the past two years.",1,monday,period11,D1011,0,0,0,0,0,0,0,0,0,0,0,0,0,0,0,0,0,0,0,0,0,0,0,0,0,0,0,0,0,0,0,0,0,0,0,0,0,0,0,0,0,0,0,0,0,0,0,0,0,4,0,0,0,0,0,0,0,0,0,0,0,0,0,0,0,0,0,0,0,0,0,0,0,0,0,0,0,0,0,0,0,0,0,0,0,0,0,0,0,0,0,0,0,0,4,0,0,0,0,0,0,0,0,0,0,0,2,0,0,10,0,0,0,0,0,0,0,0,0,0,0,0,0,0,0,0,0
167,SCIE Touhou Club,SOCIAL Interests and hobbies,"SCIE Touhou Club will become a creative and cultural hub dedicated to exploring the rich, fan-driven ecosystem of the Touhou Project—one of the world's most iconic indie subcultures, which includes vibrant secondary creations, spanning diverse music remixes, digital art, comics, fanbooks, literature, and game design. This club offers an enviroment for students to appreciate unique soundtracks, analyze East Asian folklore/mythology, and share creative works.",1,wednesday,period11,B427,0,0,0,0,0,0,0,0,0,0,0,0,0,0,0,0,0,0,0,0,0,0,0,0,0,0,0,0,3,3,0,0,0,0,0,0,0,0,0,0,0,0,0,0,0,0,0,0,0,0,0,0,0,0,0,4,0,0,0,0,0,0,0,0,0,0,0,0,0,0,0,0,0,0,0,0,0,0,0,0,0,10,0,0,0,0,0,0,0,0,0,0,0,0,0,0,0,0,0,0,0,0,0,0,0,0,0,0,0,0,0,0,0,0,0,0,0,0,0,0,0,0,0,0,0,0,0
168,SCIE Visual Novel Horizon,SOCIAL Interests and hobbies,"SCIE Visual Novel Horizon is an interdisciplinary platform dedicated to exploring visual novels as a dynamic medium uniting interactive literature, visual arts, and digital technology. Guided by our motto, ""Visual novels, tech, and explorations beyond the horizon,"" the club examines the thematic and structural depth of visual novels through multi-faceted critical frameworks, drawing insights from literature, philosophy, psychology, sociology, and ethics. In parallel with literary critique, we deconstruct the technical and creative craftsmanship required to build compelling visual novels. Members share insights into game engine programming, branching narrative structures, artistic styling, and adaptive sound design. SCIE Visual Novel Horizon provides an open, intellectually rigorous stage where students can present their analyses, share developmental techniques, and engage in candid peer debate. By embracing differing viewpoints, agreement, and constructive disagreement, the club cultivates both sharp critical thinkers and capable multimedia creators.",1,thursday,period11,A207,0,0,0,0,0,0,0,0,0,0,0,0,0,0,0,0,0,0,0,0,0,0,0,0,0,0,0,0,2,0,0,0,0,0,0,0,0,0,0,0,0,0,0,0,0,0,0,0,0,0,0,0,0,0,8,0,0,0,0,0,0,0,0,0,0,0,0,0,0,0,4,0,0,0,0,0,0,0,0,0,0,0,0,0,0,0,0,0,0,0,0,0,0,0,0,0,0,0,0,0,0,0,0,0,0,0,0,0,0,0,0,0,0,0,3,0,0,0,0,0,0,0,0,0,0,3,0
169,SCIE Vocaloid Club,SOCIAL Media and creative,"SCIE Vocaloid Club explores Japanese Vocaloid music and culture through music appreciation, analysis, and discussions on iconic virtual singers, producers, and the evolution of Vocaloid technology. We also explore the development of Vocaloid music culture, providing a welcoming platform for members to share interests, deepen their understanding, and connect with fellow Vocaloid enthusiasts.",6,thursday,period11,A202,0,0,0,0,0,0,0,0,0,0,0,0,0,0,0,0,0,0,0,0,0,0,0,0,0,0,0,0,0,5,0,0,0,0,0,0,0,0,0,0,0,0,0,0,0,0,0,0,0,0,0,0,0,0,0,0,0,0,0,0,0,0,0,0,0,0,0,0,0,0,0,0,0,0,0,0,0,0,0,0,0,15,0,0,0,0,0,0,0,0,0,0,0,0,0,0,0,0,0,0,0,0,0,0,0,0,0,0,0,0,0,0,0,0,0,0,0,0,0,0,0,0,0,0,0,0,0
170,SCIE badminton club,SPORTS,"School Badminton Club Our school badminton club is a friendly and energetic place for students who enjoy playing badminton and want to improve their skills. The club welcomes both beginners and experienced players, so everyone has a chance to participate. During weekly training sessions, members practise important skills such as serving, smashing, footwork, and teamwork. Coaches also organise fitness exercises and practice matches to help students become stronger and more confident on the court. Besides regular training, the club takes part in different competitions throughout the school year. Members can compete in singles and doubles matches against with each others. These events encourage students to challenge themselves, learn from their mistakes, and improve their performance. Overall, the badminton club is a great opportunity to stay active, make new friends, develop sporting skills, and enjoy exciting competitions.",1,thursday,period11,H100A,0,0,0,0,0,0,0,0,0,0,0,9,0,0,0,0,0,0,0,0,0,0,0,0,0,1,0,0,0,0,0,0,0,0,0,0,0,0,0,0,0,0,0,0,0,0,0,0,0,4,0,0,0,0,0,0,0,0,0,0,0,0,0,0,0,0,0,0,0,0,0,0,0,0,0,0,0,0,0,0,0,0,0,0,0,0,0,0,0,0,0,0,0,0,4,0,0,0,0,0,0,0,0,0,0,0,2,0,0,0,0,0,0,0,0,0,0,0,0,0,0,0,0,0,0,0,0
171,SCIE debate club,SOCIAL Interests and hobbies,SCIE debate club aims to coach students that are passionate about debate. We will bring them to tournaments like ROD,2,thursday,period11,B421,0,0,0,0,0,0,0,0,0,0,0,0,0,0,0,0,0,0,0,0,0,0,0,0,0,5,0,0,0,0,0,0,0,0,15,0,0,0,0,0,0,0,0,0,0,0,0,0,0,0,0,0,0,0,0,0,0,0,0,0,0,0,0,0,0,0,0,0,0,0,0,0,0,0,0,0,0,0,0,0,0,0,0,0,0,0,0,0,0,0,0,0,0,0,0,0,0,0,0,0,0,0,0,0,0,0,0,0,0,0,0,0,0,0,0,0,0,0,0,0,0,0,0,0,0,0,0
172,SCIE tennis club,SPORTS,"The SCIE Tennis Club is a student-led sports ECA dedicated to promoting tennis and an active lifestyle within our school community. We welcome players of all skill levels—from beginners learning the basics to advanced players refining their techniques. Weekly training sessions focus on skill development, match practice, and fitness, while friendly intra-club and inter school tournaments provide competitive opportunities throughout the year. Beyond improving tennis abilities, our club cultivates teamwork, discipline, and sportsmanship. We also organize social events and exhibitions to grow the tennis culture on campus. Through regular practice and competition, members build lasting friendships, develop leadership skills, and maintain a healthy balance between academics and physical wellbeing.",1,thursday,period12,A202,0,0,0,0,0,0,0,0,0,0,0,0,0,0,0,0,0,0,0,0,0,0,0,0,0,1,0,0,0,0,0,0,0,0,0,0,0,0,0,0,0,0,0,0,0,0,0,0,0,4,0,0,0,0,0,0,0,0,0,0,0,0,0,0,0,0,0,0,0,0,0,0,0,0,0,0,0,0,0,0,0,0,0,0,0,0,0,0,0,0,0,0,0,0,4,0,0,0,0,0,0,0,0,0,0,0,2,0,0,0,0,0,0,0,0,9,0,0,0,0,0,0,0,0,0,0,0
173,"SCIEscape – ""Ideas beyond the syllabus.""",ACADEMIC Social sciences,"SCIEscape is a student-led publication platform dedicated to exploring ideas in politics, philosophy, and economics beyond the boundaries of the classroom. Recognizing that many students engage deeply with complex social questions but lack a structured space to share their perspectives, We established a platform where curiosity could become public dialogue. We led a student editorial team in collaboration with history faculty members, organizing a monthly article selection process that encouraged rigorous argument, interdisciplinary thinking, and thoughtful discussion. Contributors explored topics ranging from political institutions and philosophical debates to economic issues shaping contemporary society, transforming individual interests into accessible intellectual conversations. Beyond simply publishing articles, SCIEscape created a community where students learned to refine their ideas, respond to different viewpoints, and communicate arguments to a broader audience. Through this initiative, we aimed to cultivate a culture of inquiry where students could move beyond textbook knowledge, connect academic concepts with real-world issues, and participate actively in shaping intellectual discourse within the school community.",4,monday,lunchtime,A202,0,0,0,0,0,0,0,0,0,0,0,0,0,0,0,0,0,0,0,0,0,0,0,0,0,0,0,0,0,0,0,0,0,0,0,0,0,0,5,0,0,0,0,0,0,0,0,0,0,0,0,0,0,0,0,0,0,0,0,0,0,0,0,0,0,0,0,0,0,0,0,0,0,0,0,0,0,0,0,0,0,0,0,0,0,0,0,5,0,0,0,5,0,0,0,0,0,0,0,0,0,0,0,0,0,0,0,0,0,0,0,0,0,0,0,0,0,0,0,0,0,0,0,0,0,5,0
174,SHUTTER STUDIO,SOCIAL Media and creative,"We are SHUTTER STUDIO, which is a traditional student photography and video ECA established long time ago since 2022-2023. And we are also the first video/photography studio created in SCIE. And we have many achievement in the history, for example, we used to film 2023-2024 SGT semi-final Video, 2023-2024 fashion show video, 2023-2024 world book week video as well. Besides, we are also adept at taking photo, for instance, we used to held many photography booths at Halloween Carnival and also took part in many school activities like SGT, NYC and even Sports Day. And we finally yield many fascinating photos too. Overall, despite we have an extraordinary history in the past, we have to re-start this year due to one year suspension before. However, I think we will still be ambitious, trying our best to capture more photos and cultivate students photography skills and interests this year in the campus. And me, as a new leader of this club, I believe we gonna motivate the development of media and photography in the school this year too.",4,tuesday,period11,A410,0,0,0,0,0,0,0,0,0,0,0,0,0,0,0,0,0,0,0,0,0,0,0,0,0,0,0,0,3,0,0,0,0,0,0,0,0,0,0,0,0,0,0,0,0,0,0,7,0,0,0,0,0,0,0,0,0,0,0,0,0,0,0,0,0,0,0,0,0,0,0,0,0,0,0,0,3,0,0,0,0,0,0,0,0,0,0,0,7,0,0,0,0,0,0,0,0,0,0,0,0,0,0,0,0,0,0,0,0,0,0,0,0,0,0,0,0,0,0,0,0,0,0,0,0,0,0
175,SISAC BOYS VOLLEYBALL,SPORTS,ECA for the School Volleyball team,0,monday,period11,H100,0,0,0,0,0,0,0,0,0,0,0,0,0,0,0,0,0,0,0,0,0,0,0,0,0,2,0,0,0,0,0,0,0,0,0,0,0,0,0,0,0,0,0,0,0,0,0,0,0,0,0,0,0,0,0,0,0,0,0,0,0,0,0,0,0,0,0,0,0,0,0,0,0,0,0,0,0,0,0,0,0,0,0,0,0,0,0,0,0,0,0,0,0,0,0,0,0,0,0,0,0,0,0,0,0,0,2,0,0,0,0,0,0,4,0,0,0,0,0,12,0,0,0,0,0,0,0
176,SISAC GIRLS VOLLEYBALL,SPORTS,ECA for the School Volleyball team,0,monday,period11,H100,0,0,0,0,0,0,0,0,0,0,0,0,0,0,0,0,0,0,0,0,0,0,0,0,0,2,0,0,0,0,0,0,0,0,0,0,0,0,0,0,0,0,0,0,0,0,0,0,0,0,0,0,0,0,0,0,0,0,0,0,0,0,0,0,0,0,0,0,0,0,0,0,0,0,0,0,0,0,0,0,0,0,0,0,0,0,0,0,0,0,0,0,0,0,0,0,0,0,0,0,0,0,0,0,0,0,2,0,0,0,0,0,0,4,0,0,0,0,0,12,0,0,0,0,0,0,0
177,SISAC STORM FRISBEE TEAM,SPORTS,School Frisbee team,0,monday,period11,FBL,0,0,0,0,0,0,0,0,0,0,0,0,0,0,0,0,0,0,0,0,0,0,0,0,0,2,0,0,0,0,0,0,0,0,0,0,0,0,0,0,0,0,0,0,0,0,0,0,0,0,0,0,0,12,0,0,0,0,0,0,0,0,0,0,0,0,0,0,0,0,0,0,0,0,0,0,0,0,0,0,0,0,0,0,0,0,0,0,0,0,0,0,0,0,0,0,0,0,0,0,0,0,0,0,0,0,2,0,0,0,0,0,0,4,0,0,0,0,0,0,0,0,0,0,0,0,0
178,Science Education for Girls,ACADEMIC Natural sciences,"SEG, Science Education for Girls, started in 2020, is open to all who share a love for exploration. We aim to advocate for female diseases and mental health illnesses. We have been posting essays on multiple social media sources, including WeChat accounts and Red Notes. We are committed to encouraging more girls to emphasize not only the sciences, but also their health. To pursue dreams with support and guidance. This year, we will create a space where female mental illnesses are emphasized, creating an opportunity for members to explore topics from pre-menstrual syndrome to Briquet’s syndrome. Members can enjoy discussions; together, we can make an impact in our society.",7,monday,lunchtime,A401,0,0,0,0,0,0,0,0,0,0,0,0,0,0,0,0,0,0,0,0,0,0,0,0,0,0,0,0,0,0,0,0,0,0,0,0,0,0,0,0,0,0,0,0,0,0,0,0,0,0,0,0,0,0,0,0,8,0,0,0,0,3,0,0,0,0,0,0,0,0,0,0,0,0,0,0,0,0,9,0,0,0,0,0,0,0,0,0,0,0,0,0,0,0,0,0,0,0,0,0,0,0,0,0,0,0,0,0,0,0,0,0,0,0,0,0,0,0,0,0,0,0,0,0,0,0,0
179,Science Newsletter Club,ACADEMIC Natural sciences,"The Science Newsletter Club (SNC) is an ECA dedicated to promoting scientific knowledge and curiosity within our school community. Through our regular newsletters, we will introduce a wide range of scientific topics, from interesting facts and everyday phenomena to recent discoveries and developments in science. Members will have the opportunity to research scientific topics, develop their scientific communication and writing skills, and collaborate to create informative content for the wider school community. The club aims to encourage students to explore the world of science beyond the classroom and foster curiosity.",1,thursday,lunchtime,A510,0,0,2,0,0,0,0,0,0,0,0,0,0,0,0,0,0,0,0,0,0,0,0,0,0,0,0,0,0,0,0,0,0,0,0,0,0,0,0,0,0,0,0,0,0,0,0,0,0,0,0,0,0,0,0,0,0,0,0,0,0,0,0,0,0,0,5,0,0,0,0,0,0,0,0,0,2,0,0,0,0,0,0,0,0,0,0,0,0,0,0,0,0,0,0,0,0,5,0,0,0,0,0,0,0,0,0,0,0,0,0,0,0,0,0,0,0,0,0,0,0,0,0,0,0,6,0
180,"Science, Technology, and Society (STS) Club",SOCIAL Interests and hobbies,"The Science, Technology, and Society (STS) Club - ""Innovating Today, Transforming Tomorrow"" - serves as a dynamic platform for students to explore the intricate relationships between scientific advancements, technological innovations, and their societal impacts. Our mission is to foster critical thinking and interdisciplinary collaboration, empowering students to understand and address contemporary global challenges through the lens of STS. In addition to engaging discussions and research, the club encourages students to form teams and incubate STS-related projects that leverage technology to create positive societal change. These projects may focus on areas such as sustainable development, social equity, ethical technology, and public health. The STS Club aims to cultivate a generation of socially responsible innovators equipped to navigate and shape the future of our interconnected world. Furthermore, the club aspires to publish two issues of an STS journal annually. This initiative will provide students with the opportunity to engage in academic writing, peer review processes, and the publication of original research and essays. By contributing to this journal, members will gain practical experience in scholarly communication and deepen their understanding of the interdisciplinary nature of STS.",1,monday,period11,A301,0,0,2,0,0,0,0,0,0,0,0,0,0,0,0,0,0,0,0,0,0,0,0,0,0,0,0,0,0,0,0,0,0,0,0,0,0,0,0,0,0,0,0,0,0,0,0,0,0,0,0,0,0,0,0,0,0,0,0,0,0,0,0,0,0,0,0,0,0,0,0,0,0,0,0,0,0,0,0,0,0,0,0,0,0,0,0,0,0,0,0,0,0,0,0,0,0,5,0,0,0,0,0,0,2,0,0,0,0,0,0,0,0,0,6,0,0,0,0,0,0,0,0,0,0,5,0
181,Scuba Diving Club,SPORTS,"SCIE Scuba Diving Club is a sports-focused ECA dedicated to promoting scuba diving culture and marine environmental protection. We welcome both PADI-certified divers and ocean-loving students without certification as land volunteers. We run regular sessions on PADI OW foundational theory, diving safety and marine ecosystem knowledge. In summer, we organize certified open-water diving trips to Shenzhen Dapeng, with free equipment including BCD and wetsuits provided. Members can take part in public-welfare dives to clear marine litter, earning community service hours while contributing to ocean conservation. Our club aims to build a community for diving enthusiasts, foster marine protection awareness, and provide safe, well-organized opportunities to explore the underwater world.",1,tuesday,period11,A212,0,0,0,0,0,0,0,0,0,0,0,0,0,0,0,0,0,0,0,0,0,0,0,0,3,0,0,0,0,0,0,0,0,0,0,0,0,0,0,0,0,3,0,0,0,0,0,0,0,0,0,0,0,0,0,0,0,0,0,0,0,0,0,0,0,0,0,0,0,0,0,0,0,0,0,0,0,0,0,0,0,0,0,0,0,0,0,0,0,0,0,0,0,0,0,0,0,0,0,0,0,0,8,0,0,0,2,0,0,0,0,0,0,0,0,0,0,0,0,0,0,4,0,0,0,0,0
182,Sesame Society,SOCIAL Volunteers and charitable projects,"Our ECA will mostly focus on the cat Sesame, observing its behaviors (e.g health…). More than that, this year we will attempt to introduce stray animals. Our ECA activities are mostly practical based, which we thought it will be more attractive and memorable.",1,tuesday,period13,B221,0,0,0,0,0,0,0,10,0,0,0,0,0,0,0,10,0,0,0,0,0,0,0,0,0,0,0,0,0,0,0,0,0,0,0,0,0,0,0,0,0,0,0,0,0,0,0,0,0,0,0,0,0,0,0,0,0,0,0,0,0,0,0,0,0,0,0,0,0,0,0,0,0,0,0,0,0,0,0,0,0,0,0,0,0,0,0,0,0,0,0,0,0,0,0,0,0,0,0,0,0,0,0,0,0,0,0,0,0,0,0,0,0,0,0,0,0,0,0,0,0,0,0,0,0,0,0
183,Shakespeare's Society,ACADEMIC Languages,"At Shakespeare’s Society we aim to help IGCSE and A-level students attain skills to further their creative writing. Creative writing is a crucial part of English language and is most times an overlooked and underperforming part of exams for students. From the structure to the use of imaginative vocabulary, we hope to give a better and more in-depth outline of creative writing, as well as plenty of practice and examples, which will help students reach their full potential of storytelling.",1,monday,period11,B524,0,0,0,0,3,0,0,0,0,0,0,0,0,0,0,0,0,0,0,0,0,0,0,0,0,0,0,0,0,0,0,0,0,0,0,0,0,0,0,0,0,0,0,0,0,0,0,0,0,0,0,0,0,0,0,0,0,0,0,0,0,0,0,0,0,0,0,0,0,0,8,0,0,0,0,0,0,0,0,0,0,0,0,0,0,0,0,0,0,0,0,0,0,0,0,0,0,0,0,0,0,0,0,0,0,0,0,0,0,0,0,0,0,0,0,0,0,0,0,0,0,0,0,0,0,9,0
184,She Knew,SOCIAL Volunteers and charitable projects,"We are a student-led community dedicated to empowering young people to find their voice, build confidence, and think critically about the world around them threw off-campus seminars and open discussions. Our goal is not to give answers, but to create a safe space where teenagers can ask bold questions, challenge stereotypes, and support one another in becoming more thoughtful, independent individuals. We also aim to promote gender equality within campus, creating a safe and welcoming environment for students. We’ll also have an exhibition to showcase our work in the end.",1,friday,lunchtime,A207,0,0,0,0,0,0,0,0,0,0,0,0,0,0,0,0,0,0,0,0,0,0,0,0,0,0,0,0,0,0,0,0,0,0,0,0,0,0,0,0,0,0,0,0,0,0,0,0,0,0,0,0,0,0,0,0,7,0,0,0,0,0,0,0,0,0,0,0,0,0,0,0,0,0,0,0,0,0,0,0,0,0,0,0,7,0,3,0,0,0,0,0,0,0,0,0,0,0,0,0,0,0,0,0,3,0,0,0,0,0,0,0,0,0,0,0,0,0,0,0,0,0,0,0,0,0,0
185,Shenzhen International Student Football Fans Club,SOCIAL Social sports and physical recreation,"The Shenzhen International Student Football Fans Club has operated for one academic year and is applying to continue its work. We are a student-led football community that connects SCIE students with local football culture through media, discussion, and supporter activities. During our first year, we produced and published original football content on our WeChat account, including filmed interviews with Shenzhen Juniors Football Club striker Arnold Garita and coach Ramiro Amarelle. These interviews explored players’ professional journeys, training, adapting to football in Shenzhen, and the work behind a local club. We planned questions, conducted interviews, filmed and edited videos, created bilingual subtitles, and shared the final content with students online. This year, we hope to continue documenting Shenzhen football while building a welcoming community for students who enjoy the sport.",1,friday,lunchtime,A202,0,0,0,0,0,0,0,0,0,0,0,0,0,0,0,0,0,0,0,0,0,0,0,0,0,0,0,0,0,0,0,0,0,0,0,0,0,0,0,0,0,0,0,0,0,0,0,4,0,0,0,9,0,0,0,0,0,0,0,0,0,0,0,0,0,0,4,0,0,0,0,0,0,0,0,0,1,0,0,0,0,0,0,0,0,0,0,0,0,0,0,0,0,0,0,0,0,0,0,0,0,0,0,0,0,0,2,0,0,0,0,0,0,0,0,0,0,0,0,0,0,0,0,0,0,0,0
186,Silver Impact Initiative,SOCIAL Volunteers and charitable projects,"Silver Impact Initiative is a student-led club dedicated to improving the lives of older adults through science, community action, and youth leadership. Each month, members explore a real-world challenge affecting older adults, learn from scientific research and experts, and develop practical ideas to address the issue. Not only do we aim to help the elderly, we also reflect upon ourselves after identifying the issues of the elderly to learn how to avoid some preventable issues. Our activities follow a four-step model: Learn → Ideate → Act → Reflect. Students may participate in research, volunteering, community projects, design, or innovation. Members also have opportunities to become Project Leaders, where they develop an idea, form a team, coordinate implementation, and measure the project’s outcomes all with the help of resources of the ECA and its members . Projects remain part of the broader Silver Impact Initiative, allowing future students to build upon previous work and creating continuity beyond individual events. Our initial topics include cancer, Alzheimer’s disease, and hearing loss, with a particular focus on developing a long-term hearing-care initiative for older adults. We aim to connect students with appropriate experts, healthcare institutions, community organizations, and nonprofit or foundation resources where possible.",4,thursday,period11,B526,0,0,0,0,0,0,0,0,0,0,0,0,0,0,0,0,0,0,0,0,0,0,0,0,6,0,0,0,0,0,0,0,0,0,0,0,0,0,0,0,0,0,0,0,0,0,0,0,0,0,0,0,0,0,0,0,0,0,0,0,0,2,0,0,0,0,0,0,0,0,0,0,0,0,0,0,0,5,0,0,0,0,0,0,0,0,0,0,0,0,0,0,0,0,0,0,0,5,0,0,0,0,0,0,0,0,0,0,0,0,0,0,0,0,0,0,0,0,0,0,2,0,0,0,0,0,0
187,Singularity Nexus,ACADEMIC Mathematics and computer sciences,"Singularity Nexus — where Mathematics, Physics, Algorithms, and Strategy converge. Basic Information: Singularity Nexus is a club dedicated to logical thinking and advanced problem-solving across Mathematics, Physics, Algorithms, and Game Theory. Weekly sessions include teaching core concepts and problem-solving techniques, followed by discussions of challenging problems designed by club leaders. Each year, we create original problems for competitions. Purpose: We bring together students who are passionate about logical thinking and interdisciplinary problem-solving. The club provides a platform for members to exchange ideas, find like-minded peers, and support each other’s learning. Through peer teaching and collaborative discussion, we aim to strengthen SCIE students’ competitiveness and enrich campus life.",1,wednesday,lunchtime,A507,0,0,0,0,0,0,8,0,0,0,0,0,0,0,0,0,0,0,0,0,0,0,0,0,0,2,0,0,0,0,0,0,0,0,0,0,0,0,0,0,0,0,0,0,0,0,0,0,0,0,0,0,0,0,0,0,0,0,0,0,0,0,0,0,0,0,0,0,0,0,0,0,0,0,0,4,0,0,0,0,0,0,0,0,0,0,0,0,0,3,0,0,0,0,0,0,0,0,0,0,0,0,0,0,0,0,0,3,0,0,0,0,0,0,0,0,0,0,0,0,0,0,0,0,0,0,0
188,Skiing Society,SPORTS,"Skiing Society is a student-run community for skiers and snowboarders of all levels. We are dedicated to creating a supportive, peer-driven environment where members help each other improve, regardless of experience. Every weekend (Saturday or Sunday), the club organises trips to Huafa Indoor Ski Resort in Shenzhen for regular training sessions. Beginners are warmly welcomed—experienced members provide guidance on fundamentals, while more advanced riders share tips on technique and control. Through mutual support and consistent practice, every member can progress safely and confidently. During school holidays, the club also arranges group ski trips to outdoor resorts, offering opportunities to explore real mountains and strengthen friendships beyond campus. Whether you are a complete beginner or an experienced skier, SCIE Ski Club is a place to learn, grow, and share your passion for snow sports. Join us and take your first run with a community that has your back.",1,friday,lunchtime,A210,0,0,0,0,0,0,0,0,0,0,0,0,0,0,0,0,0,0,0,0,0,0,0,0,0,0,0,0,0,0,0,0,0,0,0,0,0,0,0,0,0,0,0,0,0,0,0,0,0,0,0,0,0,0,0,0,0,0,0,0,0,0,0,0,0,0,0,0,0,0,0,0,0,0,0,0,0,0,0,0,0,0,0,4,0,0,0,0,0,0,0,0,0,0,0,0,0,0,0,0,0,0,0,10,0,0,2,0,0,0,0,0,0,0,0,0,0,0,0,0,0,0,0,0,4,0,0
189,Social Deduction Board Game Club,SOCIAL Interests and hobbies,"Social Deduction Board Game Club is a place for students to enjoy strategy-based social games such as Blood on the Clocktower and Werewolf. Members will practise reasoning, communication, persuasion, and teamwork while interacting with different players in a relaxed environment.",1,tuesday,period11,A507,0,0,0,0,0,0,0,0,0,0,0,0,0,0,0,0,7,0,0,0,0,0,0,0,0,0,0,0,0,0,0,0,0,0,0,0,0,0,0,0,0,0,0,0,0,0,0,0,0,0,0,0,0,0,0,3,0,0,0,0,0,0,0,3,0,0,0,0,0,0,0,0,0,0,0,0,0,0,0,0,0,0,0,0,0,0,0,0,0,0,0,0,0,0,0,0,0,0,0,0,0,0,0,0,0,0,0,7,0,0,0,0,0,0,0,0,0,0,0,0,0,0,0,0,0,0,0
190,Society of Chinese Metaphysics,ACADEMIC Social sciences,"this is a society that gathers students who are keen on traditional Chinese metaphysics theory, and the unique philosophy beneath it.",1,tuesday,period11,A211,0,0,0,0,0,0,0,0,0,0,0,0,0,0,0,0,0,0,0,0,0,9,0,0,0,0,0,0,0,0,0,0,0,0,0,0,0,0,0,0,0,0,0,0,0,0,0,0,0,0,0,0,0,0,0,0,0,0,0,0,0,0,0,0,3,0,0,0,0,0,0,0,0,0,0,0,0,0,0,0,0,0,0,0,0,0,0,8,0,0,0,0,0,0,0,0,0,0,0,0,0,0,0,0,0,0,0,0,0,0,0,0,0,0,0,0,0,0,0,0,0,0,0,0,0,0,0
191,Sparkling Dance Club,SPORTS,"Sparkling is the ideal platform for students who love dancing and aspire to grow as confident performers. Through structured weekly practices and performance preparations, the club helps members refine their dancing skills and gain stage experience at major school events like the SGT, NYC, Halloween, and Fashion Show, immersing themselves in the school’s lively culture. Additionally, the club organizes activities such as random dance sessions during Senior Week, spreading the joy of dance to the wider school community.",1,tuesday,period11,H101,0,0,0,0,0,0,0,0,0,0,0,0,0,0,0,0,0,0,0,0,0,0,0,0,0,0,0,0,0,0,0,0,15,0,0,0,0,0,0,0,0,0,0,0,0,0,0,0,0,0,0,0,0,0,0,0,0,0,0,0,0,0,0,0,0,0,0,0,0,0,0,0,0,0,0,0,0,0,0,0,0,0,0,0,0,5,0,0,0,0,0,0,0,0,0,0,0,0,0,0,0,0,0,0,0,0,0,0,0,0,0,0,0,0,0,0,0,0,0,0,0,0,0,0,0,0,0
192,SpeedCubing,SOCIAL Interests and hobbies,"The Speedcubing Club is a dynamic and inclusive extracurricular activity dedicated to the art of solving twisty puzzles—most notably the iconic Rubik's Cube—as efficiently as possible. Whether students are complete beginners looking to solve their very first cube or experienced speedcubers aiming to shave seconds off their personal bests, this club provides a supportive and engaging environment for all skill levels. Members will learn foundational solving methods, advanced methods like CFOP (Cross, F2L, OLL, PLL), and optimal finger trick techniques. Beyond just solving puzzles, the club fosters a strong sense of community, encouraging members to share strategies, participate in friendly internal competitions, and celebrate each other's progress. Speedcubing is not just about fast hands; it challenges the mind, builds spatial awareness, and teaches perseverance. Join us to improve your dexterity, challenge your brain, and be part of a vibrant community!",1,thursday,period11,B423,0,0,0,0,0,0,0,0,0,0,0,0,0,0,0,0,0,0,0,0,0,0,0,0,0,4,0,0,0,0,0,0,0,0,0,0,0,0,0,0,0,0,0,0,0,0,0,0,0,0,0,0,0,0,0,0,0,0,0,0,0,0,0,4,0,0,0,0,0,0,0,0,0,0,0,0,0,0,0,0,0,0,0,0,0,0,0,0,0,0,0,0,0,0,0,0,0,0,0,0,0,0,0,0,0,12,0,0,0,0,0,0,0,0,0,0,0,0,0,0,0,0,0,0,0,0,0
193,Starry Musical,SOCIAL Interests and hobbies,"Starry Musical aims to provide a platform for discussions between musical lovers and works for the publication of musicals. We welcome every musical lover, or anyone willing to know about musicals. Unlike other musical-related clubs focusing on performing musicals, we mainly create a place for non-singers and non-actors to feel the charm of musicals, which is also a promotion of the thought that “musicals are for everyone as long as you are interested in it”. We will discuss official recordings of musicals, including famous and outstanding foreign ones from Broadway or West End, and more importantly, some Chinese musicals. We want to promote and publicize that there are also good musicals in China, originally produced by Chinese playwrights and Chinese musical actors and actresses. After watching every musical, we plan to showcase our understanding and publicize the musicals by posting videos on social media. Starry Musical channel has already been registered on many platforms online. Everyone in Starry Musical would be responsible for part of the videos, including but not limited to video editing, speakers in the videos and scriptwriters. Also, we plan to link musicals to other topics, like mental illness, depending on the musicals we are watching.",2,tuesday,period11,A202,0,0,0,0,0,0,0,0,0,0,0,0,0,0,0,0,0,0,0,0,0,0,0,0,0,0,0,0,0,0,0,0,0,0,0,0,0,0,0,0,0,0,0,0,0,0,0,0,0,0,0,0,0,0,0,0,0,0,0,0,0,0,0,0,0,0,0,0,0,0,0,0,0,0,0,0,3,0,0,0,0,7,0,0,0,3,0,0,0,0,0,0,0,0,0,0,0,0,0,0,0,0,0,0,0,0,0,0,0,0,0,0,0,0,0,0,7,0,0,0,0,0,0,0,0,0,0
194,Steam & Spark Society,ACADEMIC Technology and engineering,"The FTC Robotics ECA is a student-led team that designs, builds, and tests a robot for the FIRST Tech Challenge. Members will work together throughout the engineering process, from understanding the competition requirements and developing initial ideas to creating CAD models, manufacturing parts, assembling mechanisms, and testing the completed robot. The ECA will introduce members to practical skills such as CAD, 3D printing, mechanical assembly, tool use, and robot design. Members with different levels of experience are welcome, and more experienced students will help teach and guide newer members. Through hands-on projects, members will learn how individual components work together as part of a complete robotic system. Our main aim is to prepare for the FTC competition while creating a collaborative environment where members can experiment, solve problems, learn from mistakes, and turn their ideas into a working robot.",7,friday,period11,A501,0,0,0,0,0,0,0,0,0,0,0,0,0,0,0,0,0,0,0,0,0,0,0,0,0,2,0,0,0,0,0,0,0,0,0,0,0,0,0,3,0,0,0,0,0,0,0,0,0,0,0,0,0,0,0,0,0,0,0,0,6,0,0,0,0,0,0,0,0,0,0,0,0,0,0,0,0,0,0,0,0,0,0,0,0,0,0,0,0,0,0,0,0,0,0,0,0,0,0,6,0,0,0,0,0,0,0,0,0,0,0,0,0,0,3,0,0,0,0,0,0,0,0,0,0,0,0
195,Sustainable Development Initiative,SOCIAL Interests and hobbies,"Sustainable development initiative has been running for three years. Our hope and mission is to find sustainable ways of living and developing by experimenting in our school and advocate for attention. Our projects include the sustainable garden, which uses zero-chemicals in the growing, and the compost plan, which collaborates with the GC department to make organic compost from kitchen wastes and fallen leaves.",1,friday,lunchtime,A205,0,0,0,0,0,0,0,0,0,0,0,0,0,0,0,0,0,0,0,0,0,0,0,0,0,0,0,0,0,0,0,0,0,0,0,0,0,0,0,0,0,20,0,0,0,0,0,0,0,0,0,0,0,0,0,0,0,0,0,0,0,0,0,0,0,0,0,0,0,0,0,0,0,0,0,0,0,0,0,0,0,0,0,0,0,0,0,0,0,0,0,0,0,0,0,0,0,0,0,0,0,0,0,0,0,0,0,0,0,0,0,0,0,0,0,0,0,0,0,0,0,0,0,0,0,0,0
196,TCG Club,SOCIAL Interests and hobbies,"Provides a place for TCG game competition, communication, and trading.",1,tuesday,period11,A411,0,0,0,0,0,0,0,0,0,0,0,0,0,0,0,0,0,0,0,0,0,0,0,0,0,4,0,0,0,0,0,0,0,0,0,0,0,0,0,0,0,0,0,0,0,0,0,0,0,0,0,0,0,0,0,4,0,0,0,0,0,0,0,0,0,0,0,0,0,0,0,0,0,0,0,0,0,0,0,0,0,0,0,0,0,0,0,0,0,0,0,0,0,0,0,0,0,0,0,0,0,0,0,0,0,0,0,0,0,0,12,0,0,0,0,0,0,0,0,0,0,0,0,0,0,0,0
197,TEDxSCIE,SOCIAL Active and performance,"TEDxSCIE is the a student-led organisation at SCIE. Since 2017, we have run for 9 years and delivered 8 annual conferences, each bringing together many students and teachers. We turn ""Ideas Worth Spreading"" into practice by creating an open platform for genuine intellectual exchange. Our weekly workshops cover topic brainstorming, speech writing, verbal delivery, body language, and confidence-building. We also use internal speech competitions to help members improve through practice. The team is divided into four functional departments: Academic, Publicity, Planning, and External Relations. Members get hands-on experience in every stage of organising a large-scale event—from theme selection and speaker outreach to stage execution and on-site coordination. Last academic year, we received the Best Leadership ECA award at SCIE.",1,monday,period11,A219,0,0,0,0,0,0,0,0,0,0,0,0,0,0,0,0,0,0,0,0,0,0,0,0,0,0,0,0,0,0,0,0,0,0,0,0,0,0,0,0,0,0,0,0,0,0,0,0,0,0,0,0,0,0,0,0,0,0,0,0,0,0,0,0,0,0,0,0,0,0,0,0,0,0,0,0,10,0,0,0,0,0,0,0,0,0,10,0,0,0,0,0,0,0,0,0,0,0,0,0,0,0,0,0,0,0,0,0,0,0,0,0,0,0,0,0,0,0,0,0,0,0,0,0,0,0,0
198,THE GROVE ——The Student Hideout,SOCIAL Media and creative,"The Grove is a student-led creative community that aims to create a welcoming space where students can connect, explore new experiences and feel free to be themselves. In a busy school environment, students may sometimes feel stressed, disconnected or unsure where they belong. The Grove provides a supportive environment where students can build meaningful connections through shared experiences and collaborative activities. Rather than focusing on one fixed hobby, The Grove encourages members to explore different interests and create experiences together. Activities may include creative workshops, discussions, film sessions, hands-on projects and other ideas proposed by members. While activities can change, the experience remains the same: connecting with others, creating something together and growing as a community. Most importantly, members are not simply participants. They are encouraged to contribute ideas, take responsibility and gradually lead projects. Through this process, students develop communication, collaboration, organization and leadership skills in an authentic environment. Like a grove formed by many individual trees, The Grove grows through the unique identities and contributions of every member.",1,monday,period11,A519,0,0,0,0,0,0,0,0,0,0,0,0,0,0,0,0,0,0,0,0,0,0,0,0,0,0,0,0,4,0,0,0,0,0,0,0,0,0,0,0,0,0,0,0,0,0,0,0,0,0,0,0,0,0,0,0,0,0,0,0,0,0,0,4,0,0,0,0,0,0,0,0,0,0,0,0,0,0,0,0,0,0,0,0,12,0,0,0,0,0,0,0,0,0,0,0,0,0,0,0,0,0,0,0,0,0,0,0,0,0,0,0,0,0,0,0,0,0,0,0,0,0,0,0,0,0,0
199,THE Wotagei M@STERS,SOCIAL Interests and hobbies,"The club focuses on WotaGei, a dynamic Japanese pop dance born out of the glowsticks moves originally for fans to express the support to the people they like on stages. The dancer usually holds two high-brightness glowsticks, and perform intensely, leaving beautiful trails of light in the air. The study of OtaGei, the varient of WotaGei will also be involved in the club activities. Unlike WotaGei, OtaGei uses no glowsticks, and is typically not considered as stage performances. Instead, it is more of a relax meathod for the dancer to immerse and enjoy the background music. For the estimated 20 years since WotaGei has been founded, numerous enthusiasts have been creating new Wotagei choreography, also known as Waza. There will always be new things to learn and perfect in this unique foreign dance.",1,monday,period11,G021,0,0,0,0,0,0,0,0,0,0,0,0,0,0,0,0,0,0,0,0,0,0,0,0,0,0,0,0,0,4,0,0,12,0,0,0,0,0,0,0,0,0,0,0,0,0,0,0,0,0,0,0,0,0,0,0,0,0,0,0,0,0,0,0,0,0,0,0,0,0,0,0,0,0,0,0,0,0,0,0,0,0,0,0,0,4,0,0,0,0,0,0,0,0,0,0,0,0,0,0,0,0,0,0,0,0,0,0,0,0,0,0,0,0,0,0,0,0,0,0,0,0,0,0,0,0,0
200,Tchoukball Club,SPORTS,"This is Tchoukball ECA, we come together due to the passion for this amazing sport. You may not have even heard of this, but you will learn it in your core PE classes. This is a sport that originated in Switzerland and is now becoming popular in most Asian countries and Regions. This sport is super fun; you won't have any aggressive body contact; instead, all you need to do is work closely with your teammates, act fast, and try your best strategy and angle to attack the net to get points. If you want to make friends with each other and get really interesting experiences, please come to our ECA. Here you can find the best way that teamwork and strategy work with each other. This year, we have two vice presidents: Ethan 24050 and Vitas 25447.",1,friday,lunchtime,H100A,0,0,0,0,0,0,0,0,0,0,0,0,0,0,0,0,0,0,0,0,0,0,0,0,0,0,0,0,0,0,0,0,0,0,0,0,0,0,0,0,0,0,0,0,0,0,0,0,0,0,0,0,0,0,0,0,0,0,0,0,0,0,0,0,0,0,0,0,0,0,0,0,0,0,0,0,0,0,0,0,0,0,0,0,0,0,0,0,0,0,0,0,0,0,0,0,0,0,0,0,0,0,0,0,0,0,2,4,0,0,0,10,0,4,0,0,0,0,0,0,0,0,0,0,0,0,0
201,"Technology, History & Society Forum",ACADEMIC Others,"Our extracurricular activity group is dedicated to creating a safe, open, and comfortable environment where students can freely exchange their unique insights into 3D modeling and explore its practical applications in historical technology, daily life and society. Beyond sharing technical skills, we strive to foster meaningful dialogue among members, encouraging everyone to draw new inspiration and innovative ideas from each other's experiences. We believe learning is a collaborative process, where through active discussion and mutual support, each participant gains valuable knowledge that transcends the software itself. Furthermore, we are committed to translating collective expertise into concrete action. By building a united and collaborative team, we aim to bridge the gap between modeling theory and real-world engineering challenges. Our ultimate goal is to design and implement innovative solutions that meet societal needs—whether it's assistive devices, sustainable design, or community-centered projects. Through this process, we hope to not only enhance our technical skills but also cultivate social responsibility and teamwork, demonstrating that even small-scale creations can have a profound impact on the world around us.",1,thursday,period11,A410,5,0,0,0,0,0,0,0,0,0,0,0,0,0,0,0,0,0,0,0,0,0,0,0,0,0,0,0,0,0,0,0,0,0,0,0,0,0,0,5,0,0,0,0,0,0,0,0,0,0,0,0,0,0,0,0,0,0,0,0,0,0,5,0,0,0,0,0,0,0,0,0,0,0,0,0,0,0,0,0,0,0,0,0,0,0,0,0,0,0,0,0,0,0,0,0,0,0,0,0,0,0,0,0,0,0,0,0,0,0,0,0,0,0,5,0,0,0,0,0,0,0,0,0,0,0,0
202,Tencent volunteering teaching (TVT),SOCIAL Volunteers and charitable projects,"TVT (Tencent Volunteer Teaching) is a platform provided by Tencent Volunteer Organization that connects top-performing students with learners in remote areas through online tutoring. Since launching in 2022, TVT has deeply connected outstanding students from top schools in Beijing, Shanghai, Shenzhen, and even from the UK's G5 universities with students in remote areas who are eager to broaden their horizons and improve their academic performance.",1,friday,period11,A206,0,0,0,0,0,0,0,0,0,0,0,0,0,0,0,0,0,0,0,0,0,0,0,0,8,0,0,0,0,0,0,0,0,0,0,0,0,0,0,0,0,0,0,0,0,0,0,0,0,0,0,0,0,0,0,0,0,0,0,0,0,0,0,0,0,0,0,0,0,0,0,0,0,0,0,0,0,0,0,0,0,0,0,0,0,0,0,0,0,0,0,0,0,0,0,0,0,0,0,0,0,0,0,0,0,0,0,0,0,0,0,0,9,0,0,0,0,0,0,0,3,0,0,0,0,0,0
203,The Cloud Watchers,ACADEMIC Natural sciences,"The Cloud Watcher is a scientific observation and study group focused on the atmospheric phenomenon. Members learn to identify and classify clouds and optical phenomena (e.g., halos, rainbows), understand their formation principles through atmospheric physics and meteorology, and explore related wider topics such as front, air mass, storm and terrestrial effects. Activities combine outdoor sky observation, data analysis, and group discussion, fostering both scientific inquiry and a deeper connection with the natural environment.",1,tuesday,lunchtime,A206,0,0,2,0,0,0,0,0,0,0,0,0,0,0,0,0,0,0,0,0,0,0,0,0,0,0,0,0,0,0,0,0,0,0,0,0,0,0,0,0,0,4,0,0,0,0,0,0,0,0,0,0,0,0,0,0,0,0,0,0,0,0,0,0,0,0,0,0,0,0,0,0,0,0,0,0,0,0,0,8,0,0,0,0,0,0,0,0,0,3,0,0,0,0,0,0,0,3,0,0,0,0,0,0,0,0,0,0,0,0,0,0,0,0,0,0,0,0,0,0,0,0,0,0,0,0,0
204,The Economics reading club,ACADEMIC Social sciences,"The Economics Reading Club is a student-led enrichment programme designed for our most able and intellectually curious economists, offering a bridge between the A-Level syllabus and the wider world of economic thought. Run by the Economics Department, the club draws on preliminary reading lists recommended by Oxford and Cambridge for Economics applicants, giving students genuine exposure to the kind of texts, arguments, and thinkers they will encounter at university and in admissions interviews.",0,tuesday,period11,A215,0,0,0,0,5,0,0,0,0,0,0,0,0,0,0,0,0,0,0,0,0,0,0,0,0,0,0,0,0,0,0,0,0,0,0,0,0,0,15,0,0,0,0,0,0,0,0,0,0,0,0,0,0,0,0,0,0,0,0,0,0,0,0,0,0,0,0,0,0,0,0,0,0,0,0,0,0,0,0,0,0,0,0,0,0,0,0,0,0,0,0,0,0,0,0,0,0,0,0,0,0,0,0,0,0,0,0,0,0,0,0,0,0,0,0,0,0,0,0,0,0,0,0,0,0,0,0
205,The International Lens,ACADEMIC Social sciences,"The International Lens is for students who see a major news story and think, “I know this matters—but what is actually going on?” Our aim is to make politics, economics, and global affairs easier to understand and much more enjoyable to explore. Each week, we will choose a real event, explain the background in beginner-friendly language, and then do something interactive with it. Members might run a mock election, represent different countries in a crisis, investigate a suspicious headline, compete in a geography challenge, or debate what a government should do next. No previous knowledge is required, and nobody should feel embarrassed about asking a “basic” question. Members will also take turns sharing topics they find interesting and helping one another understand difficult ideas. Last year, we built The International Lens website, which includes beginner lessons, country profiles, event explanations, and a forum. The website will remain a useful resource, but the heart of the ECA will be learning, discussing, questioning, and discovering how surprisingly connected the world is.",1,tuesday,lunchtime,A201,0,0,0,0,0,0,0,0,0,0,0,0,0,0,0,0,0,0,0,0,0,0,0,0,0,0,0,0,0,0,0,0,0,0,4,0,0,0,5,0,0,0,0,0,0,0,0,0,0,0,0,0,0,0,0,0,0,0,0,0,0,0,0,0,0,0,4,0,0,0,0,0,0,0,0,0,0,0,0,0,0,0,0,0,0,0,0,0,0,0,0,5,0,0,0,0,0,0,0,0,0,0,0,0,2,0,0,0,0,0,0,0,0,0,0,0,0,0,0,0,0,0,0,0,0,0,0
206,The Magical Unicorn,ACADEMIC Visual and performing arts,"Stepping into the spotlight to make an audience roar with laughter and bring a fairy-tale world to life! Join us for this term's pantomime, The Magical Unicorn — a tale of adventure, friendship, and a little bit of mischief! Whether you love acting, singing, dancing, designing costumes, marketing, or working behind the scenes with lights and sound, there's a place for you in this production. No experience necessary — just enthusiasm and a willingness to have fun!",0,thursday,period11,G017,0,0,0,0,0,0,0,0,0,0,0,0,0,0,0,0,0,0,0,0,0,0,0,0,0,0,0,0,0,0,0,0,4,0,0,4,0,0,0,0,0,0,0,0,0,0,0,0,0,0,0,0,0,0,0,0,0,0,0,0,0,0,0,0,0,0,0,0,0,0,0,0,0,0,0,0,0,0,0,0,0,5,0,0,0,2,0,0,0,0,0,0,0,0,0,0,0,0,0,0,0,0,0,0,0,0,0,0,0,0,0,0,0,0,0,0,5,0,0,0,0,0,0,0,0,0,0
207,The Magical Unicorn 1,ACADEMIC,"Stepping into the spotlight to make an audience roar with laughter and bring a fairy-tale world to life! Join us for this term's pantomime, The Magical Unicorn — a tale of adventure, friendship, and a little bit of mischief! Whether you love acting, singing, dancing, designing costumes, marketing, or working behind the scenes with lights and sound, there's a place for you in this production. No experience necessary — just enthusiasm and a willingness to have fun!",0,thursday,period12,G017,0,0,0,0,0,0,0,0,0,0,0,0,0,0,0,0,0,0,0,0,0,0,0,0,0,0,0,0,0,0,0,0,4,0,0,4,0,0,0,0,0,0,0,0,0,0,0,0,0,0,0,0,0,0,0,0,0,0,0,0,0,0,0,0,0,0,0,0,0,0,0,0,0,0,0,0,0,0,0,0,0,5,0,0,0,2,0,0,0,0,0,0,0,0,0,0,0,0,0,0,0,0,0,0,0,0,0,0,0,0,0,0,0,0,0,0,5,0,0,0,0,0,0,0,0,0,0
208,The Pathfinders Collective,ACADEMIC Others,"The Pathfinders Collective is a student-led academic club focused on efficient learning, academic exploration, and college planning. Our goal is to help students understand how to learn efficiently, improve academic performance, and confidently work toward their ideal universities. We invite top‑performing students from various grades to share hands‑on learning strategies and real‑world application insights. Our inclusive peer‑sharing environment encourages members to explore diverse perspectives. By interacting with experienced high‑achievers, we hope that students can acquire efficient study skills to improve academic performance. More than just gaining practical tips, every participant contributes their own thoughts and reflections. We want to foster a mutually beneficial space where everyone learns from one another, grows collectively and makes progress together.",1,tuesday,period11,B427,0,0,0,0,3,0,0,0,0,0,0,0,0,0,0,0,0,0,0,0,0,0,0,0,0,0,0,0,0,0,0,0,0,0,0,0,0,0,0,0,0,0,0,0,0,0,0,0,0,0,0,0,0,0,0,0,0,0,0,0,0,0,0,0,0,0,0,0,0,0,0,0,0,0,0,0,0,0,0,0,0,0,0,0,9,0,0,0,0,0,0,0,0,0,0,0,0,0,0,0,0,0,0,0,0,0,0,0,0,0,0,0,8,0,0,0,0,0,0,0,0,0,0,0,0,0,0
209,The SCIE Snooker and Billiards,SPORTS,"Our ECA aims to gather the students who are passionate for the pool/snooker/billiards, playing, practicing and communicating. For both beginners and experienced players, they can participate in teach and learn to sharpen the skills. From an alternative perspective, students will exhibit a significant increase in their selection of recreational activities during extracurricular hours, fostering their interests.",1,tuesday,period11,A205,0,0,0,0,0,0,0,0,0,0,0,0,0,0,7,0,0,0,0,0,0,0,0,0,0,0,0,0,0,0,0,0,0,0,0,0,0,0,0,0,0,0,0,0,0,0,0,0,0,0,0,0,0,0,0,0,0,0,0,0,0,0,0,3,0,0,0,0,0,0,0,0,0,0,0,0,0,0,0,0,0,0,0,0,0,0,0,0,0,0,0,0,0,0,0,0,0,0,0,0,0,0,0,0,0,0,3,7,0,0,0,0,0,0,0,0,0,0,0,0,0,0,0,0,0,0,0
210,Theoretical Politics Club,ACADEMIC Social sciences,"Theoretical Politics Club is a discussion-based ECA for students interested in political theory, comparative politics, and the functioning of different political systems. In the first several sessions, members will be introduced to major political theories and concepts, such as liberalism, conservatism, socialism, realism, nationalism, democracy, authoritarianism, legitimacy, state power, and political institutions. After building this theoretical foundation, the club will move toward case-based analysis. Members will examine selected historical and contemporary political regimes, comparing how institutions, ideology, leadership, economic conditions, and social forces shape political outcomes. Sessions will mainly consist of short presentations, guided discussion, debates, and group analysis. The purpose is not to promote any particular political position, but to encourage members to understand political systems from multiple perspectives and develop evidence-based arguments.",1,tuesday,period11,A301,0,0,0,0,0,0,0,0,0,0,0,0,0,0,0,0,0,0,0,0,0,0,0,0,0,0,0,0,0,0,0,0,0,0,8,0,0,0,0,0,0,0,0,0,0,0,0,0,0,0,0,0,0,0,0,0,0,0,0,0,0,0,0,0,0,0,0,0,0,0,0,0,0,0,0,0,0,0,0,0,0,0,0,0,0,0,0,0,0,0,0,9,0,0,0,0,0,0,0,0,0,0,0,0,3,0,0,0,0,0,0,0,0,0,0,0,0,0,0,0,0,0,0,0,0,0,0
211,To-listen倾听屋,ACADEMIC Health and wellbeing,"""To-Listen"" is an Extra-Curricular Activity (ECA)/Project Group dedicated to providing online peer counseling and support for teenagers. Our group offers a safe and confidential space where members can engage in meaningful conversations, seek guidance, and receive support from their peers. The core philosophy of ""To-Listen"" revolves around active listening, empathy, and fostering a supportive community environment.",8,monday,lunchtime,B427,0,0,0,0,0,0,0,0,0,0,0,0,0,0,0,0,0,0,0,0,0,0,0,0,0,0,0,0,0,0,0,0,0,0,0,0,0,0,0,0,0,0,0,0,0,0,0,0,0,0,0,0,0,0,0,0,0,0,0,0,0,0,0,0,0,0,0,0,0,0,0,0,0,0,0,0,0,0,7,0,0,0,0,0,7,0,0,0,0,0,0,0,0,0,0,0,0,0,0,0,0,0,0,0,0,0,0,0,0,0,0,0,0,0,0,0,0,0,0,0,0,0,0,6,0,0,0
212,UZIV,SOCIAL Volunteers and charitable projects,"UZIV has been part of SCIE for 19 years, dedicated to creating positive change through meaningful community service. Our club believes that small acts of kindness can bring lasting impact, and we design activities that connect students with both local needs and wider social concerns. Over the years, we have organised beach cleanups to protect the environment, created art portrait projects to celebrate and encourage children living with challenges, and visited children’s welfare institutions to bring care and companionship. The Charity Bazaar allows us to build a deeper connection with the charity house, as all of our revenue is donated in support of their work. It reflects our belief in collective effort: when many people come together with care and energy, they can create a kinder and more supportive community for everyone. Beyond these regular initiatives, UZIV also serves as a space for creativity and inspiration. We encourage members to design new events and contribute their own ideas, making the club a dynamic platform for student-led action. Every project we take on reflects the diversity of our members’ passions while staying true to our mission of fostering compassion and responsibility.",1,tuesday,lunchtime,A414,0,0,0,0,0,0,0,0,0,0,0,0,0,0,0,0,0,0,6,0,0,0,0,0,5,0,0,0,2,0,0,0,0,0,0,0,0,0,0,0,0,5,0,0,0,0,0,0,0,0,0,0,0,0,0,0,0,0,0,0,0,0,0,0,0,0,0,0,0,0,0,0,0,0,0,0,0,0,0,0,0,0,0,0,0,0,0,0,0,0,0,0,0,0,0,0,0,0,0,0,0,0,0,0,0,0,0,0,0,0,0,0,0,0,0,0,0,0,0,0,2,0,0,0,0,0,0
213,Undergraduate Mathematics Club,ACADEMIC Mathematics and computer sciences,"The University Mathematics Society is a vibrant community for students passionate about the beauty and depth of mathematical thinking. Our activities go beyond the standard curriculum, exploring rigorous topics such as real analysis, linear algebra, number theory, and group theory. We delve into epsilon-delta proofs, eigenvector decompositions, and the subtleties of convergence—building a foundation that turns abstract definitions into powerful tools. Beyond exam preparation, we host guest lectures, problem-solving competitions, and collaborative study groups. Whether you are aiming for Cambridge, Oxford, or simply love a good mathematical challenge, our society offers a welcoming and intellectually stimulating environment. Join us to sharpen your mind, share ideas, and celebrate the elegance of mathematics together. Everyone is welcome—from first-year enthusiasts to final-year experts.",1,thursday,period11,A206,0,0,3,0,3,0,0,0,0,0,0,0,0,0,0,0,0,0,0,0,0,0,0,0,0,4,0,0,0,0,0,0,0,0,0,0,0,0,0,0,0,0,0,0,0,0,0,0,0,0,0,0,0,0,0,0,0,0,0,0,0,0,0,0,0,0,0,0,0,0,0,0,0,0,0,10,0,0,0,0,0,0,0,0,0,0,0,0,0,0,0,0,0,0,0,0,0,0,0,0,0,0,0,0,0,0,0,0,0,0,0,0,0,0,0,0,0,0,0,0,0,0,0,0,0,0,0
214,University Physics,ACADEMIC Mathematics and computer sciences,"This year, ""University Physics"" isn't just about memorizing equations—it's about fundamentally changing how we see the universe. We’ll step beyond the standard high school curriculum, moving from the familiar Newtonian world of pushing and pulling forces into the beautifully elegant realm of analytical mechanics. By adopting the Lagrangian approach, we’ll explore the principle of least action, discovering how complex systems can be understood entirely through energy rather than messy vectors. But we won't stop at classical mechanics. We’re also diving into the weird, wonderful frontiers of modern physics. Through concepts like quantum mechanics and special relativity, we’ll unpack mind-bending, counterintuitive ideas that perfectly explain the bizarre realities of our world. At its core, our club is about building genuine physical and mathematical intuition. We want to explore advanced problem-solving methods and theorems you won't find in standard textbooks. By tackling these challenges together, we'll equip you with the strong intuition and deep understanding needed to confidently pursue higher-level physics in the future.",4,tuesday,period11,B532,0,0,3,0,0,0,0,0,0,0,0,0,0,0,0,0,0,0,0,0,0,0,0,0,0,0,0,0,0,0,0,0,0,0,0,0,0,0,0,0,0,0,0,0,0,0,0,0,0,0,0,0,0,0,0,0,0,0,0,0,0,0,0,0,0,0,0,0,0,0,0,0,0,0,0,8,0,0,0,0,0,0,0,0,0,0,0,0,0,9,0,0,0,0,0,0,0,0,0,0,0,0,0,0,0,0,0,0,0,0,0,0,0,0,0,0,0,0,0,0,0,0,0,0,0,0,0
215,Volleyball for fun,SPORTS,"The ECA is called haikyu volleyball for fun eca. Its purpose is to help students to get in-touched to volleyball or let students practice their volleyball skills. Regular tutorials will be given through the sessions. The aim of this eca is for new students that’s interested in volleyball to actually try and learn new skills and also provide a place for students who already know several skills in volleyball, to practice.",23,thursday,period11,VBL,0,0,0,0,0,0,0,0,0,0,0,0,0,0,0,0,0,0,0,0,0,0,0,0,0,0,0,0,0,0,0,0,0,0,0,0,0,0,0,0,0,0,0,0,0,0,0,0,0,4,0,0,0,0,0,0,0,0,0,0,0,0,0,0,0,0,0,0,0,0,0,0,0,0,0,0,0,0,0,0,0,0,0,0,0,0,0,0,0,0,0,0,0,0,0,0,0,0,0,0,0,0,0,0,0,0,2,0,0,0,0,0,0,4,0,0,0,0,0,10,0,0,0,0,0,0,0
216,We & Horse,SPORTS,"Our ECA is an Equestrian club called We & Horse. When talking about equestrian, many students simply say it is “horse riding”. However, people neglect that relationship between rider and horses is more significant.before we ride horses, we need to learn how to respect for horses, atthe same time we would receive therapeutic connection from them, so the target of the ECA is letting more people to have not only deeper understanding of equestrian but knowledge of horses, so that helps people to build a healthy relationship with horses and nature.",1,friday,period11,A202,0,0,0,0,0,0,0,8,0,0,0,0,0,0,0,0,0,0,0,0,0,0,0,0,0,0,0,0,0,0,0,0,0,0,0,0,0,0,0,0,0,0,9,0,0,0,0,0,0,0,0,0,0,0,0,0,0,0,0,0,0,0,0,0,0,0,0,0,0,0,0,0,0,0,0,0,0,0,0,0,0,0,0,0,0,0,0,0,0,0,0,0,0,0,0,0,0,0,0,0,0,0,0,0,0,0,3,0,0,0,0,0,0,0,0,0,0,0,0,0,0,0,0,0,0,0,0
217,Winglish,SOCIAL Volunteers and charitable projects,Our ECA aims to gather students that have interest in teaching younger and/or disabled children. Members can teach any appropriate subject of their interest using English.,4,tuesday,lunchtime,A208,0,0,0,0,0,0,0,0,0,0,0,0,0,0,0,0,0,0,0,0,0,0,0,0,6,0,0,0,0,0,0,0,0,0,0,0,0,0,0,0,0,0,0,0,0,0,0,0,0,0,0,0,0,0,0,0,0,0,0,0,0,0,0,0,0,0,0,6,0,0,0,0,0,0,0,0,0,0,0,0,0,0,0,0,0,0,0,0,0,0,0,0,0,0,0,0,0,0,0,0,0,0,0,0,0,0,0,0,0,0,0,0,6,0,0,0,0,0,0,0,2,0,0,0,0,0,0
218,World Culture Café,SOCIAL Culture,"This ECA is established for students who are interested in different culture. The sessions that this ECA will have will related to Anthropology, Sociology, regional study, cultural study and Philosophy. The topic of this semester will be about eastern Asia’s culture . All the knowledge of the culture is according to books like ‘The Chrysanthemum and Sword’ ‘OTAKU: Japan’s database animal’, ‘From the soil’ and ‘the Individualization of Chinese Society’. We are going to include the transformation of society, the reason why cultures are different, and most importantly, we will have a more objective and more anthropological insight when we are facing cultural differences. The form of the sessions will mainly be teaching with PPT. To make sure the concepts are understandable, there will be many real life examples which are close to daily life. Also, there will be many interactions during the sessions, so that our members can discuss our different ideas.",1,friday,period11,A216,0,0,0,0,0,0,0,0,0,7,0,0,0,0,0,0,0,0,0,0,0,0,0,0,0,0,0,0,0,3,0,0,0,0,0,0,0,0,0,0,0,0,0,0,0,0,0,0,0,0,0,0,0,0,0,0,0,0,0,0,0,0,0,0,0,0,0,0,0,0,0,0,0,0,0,0,0,0,0,0,0,0,0,0,0,0,0,7,0,0,0,0,0,0,0,0,0,0,0,0,0,0,0,0,3,0,0,0,0,0,0,0,0,0,0,0,0,0,0,0,0,0,0,0,0,0,0
219,Yarn Club,SOCIAL Interests and hobbies,"In this club, we will focus on yarn crafts, as the name implies. Members will learn how to crochet, starting with basic techniques such as pulling loops through loops using a hook, and gradually progressing to create intricate items like decorations, dolls, and clothing. We are planning to do more creative work, including exhibitions, collaborations on charitable projects, and crochet workshops for children.",1,thursday,period11,A205,0,0,0,0,0,0,0,0,0,0,0,0,0,0,0,0,0,0,7,0,0,0,0,0,0,0,0,7,3,0,0,0,0,0,0,0,0,0,0,0,0,0,0,0,0,0,0,0,0,0,0,0,0,0,0,0,0,0,0,0,0,0,0,3,0,0,0,0,0,0,0,0,0,0,0,0,0,0,0,0,0,0,0,0,0,0,0,0,0,0,0,0,0,0,0,0,0,0,0,0,0,0,0,0,0,0,0,0,0,0,0,0,0,0,0,0,0,0,0,0,0,0,0,0,0,0,0
220,Yearbook 2026-2027,SOCIAL Interests and hobbies,"Yearbook is a student-led ECA dedicated to documenting and celebrating the SCIE community through creative storytelling, photography, design, and collaboration. The ECA works to capture memorable moments from academic events, student activities, sports, ECAs, and everyday campus life, creating a meaningful record of each school year. Members will develop skills in content creation, visual design, communication, project management, and teamwork while contributing to a shared project that represents the diverse voices and experiences of SCIE students. Through collecting stories, designing layouts, and coordinating with different departments and student groups, Yearbook provides students with opportunities to strengthen their creativity and leadership skills while preserving the school’s collective memories.",1,wednesday,lunchtime,B427,0,0,0,0,0,0,0,0,0,0,0,0,0,0,0,0,0,0,0,0,0,0,0,0,0,0,0,0,2,0,0,0,0,0,0,5,0,0,0,0,0,0,0,0,0,0,0,0,0,0,0,0,0,0,0,0,0,0,0,0,0,0,0,0,0,0,0,0,0,0,0,0,0,0,0,0,2,0,0,0,0,0,0,0,0,0,0,0,6,0,0,0,0,0,0,0,0,0,0,0,0,0,0,0,0,0,0,0,0,0,0,0,0,0,0,0,0,0,0,0,0,0,0,0,0,5,0
221,Yoga & Meditation ECA,SPORTS,"The Yoga and Meditation Club aims to promote physical wellness, mental clarity, and overall well-being. We offer a welcoming space for students to explore yoga and meditation, with weekly sessions focused on yoga asanas (stretching and strength), meditation practices, and sound therapy using various instruments. We also share knowledge on key techniques and terminology to deepen our practice.",0,tuesday,period11,G022,0,0,0,0,0,0,0,0,0,0,0,0,0,0,0,0,0,0,0,0,0,0,0,0,0,0,0,0,0,0,0,0,0,0,0,0,0,0,0,0,0,0,0,0,0,0,0,0,0,5,0,0,0,0,0,0,0,0,0,0,0,0,0,0,0,0,0,0,0,0,0,0,0,0,0,0,0,0,5,0,0,0,0,0,0,0,0,0,0,0,0,0,0,0,0,0,0,0,0,0,0,0,0,0,0,0,0,0,0,0,0,0,0,0,0,0,0,0,0,0,0,0,0,5,0,0,5
222,Youtopia,SOCIAL Interests and hobbies,"Our ECA is an original economic card game creation society built on a self-designed fictional continent with diverse unique nations. In previous years, our core focus was fusing formal economic academic knowledge with tabletop gameplay, as our team independently designed, balanced and refined a proprietary card game that models real-world market cycles, trade policies and resource allocation. For the upcoming academic year, we pursue dual-track progress: we continue iterating new card expansions and gameplay mechanics, while vastly expanding our lore framework—crafting core protagonists, layered character backstories, inter-nation conflicts and complete narrative arcs to deepen our immersive fantasy world. Additionally, we will launch official social media channels to consistently publish serialized worldbuilding entries, character biographies, game tutorials and behind-the-scenes development content, letting members collectively build a cohesive, self-contained original game IP.",1,tuesday,lunchtime,A501,0,0,0,0,0,0,0,0,0,0,0,0,0,0,0,0,6,0,0,0,0,0,0,0,0,0,0,0,2,0,0,0,0,0,0,0,0,0,6,0,0,0,0,0,0,0,0,0,0,0,0,0,0,0,0,0,0,0,0,0,0,0,0,0,0,0,0,0,0,0,0,0,0,0,0,0,0,0,0,0,0,0,0,0,0,0,0,0,0,0,0,0,0,0,0,0,0,0,0,0,0,0,0,0,0,0,0,0,0,0,0,0,0,0,0,0,0,0,0,0,0,0,0,0,0,6,0
223,ZhaoHui Chinese Orchestra,ACADEMIC Visual and performing arts,"Our ECA brings together students who share a passion for playing traditional Chinese instruments in an ensemble. Based on the solid groundwork of members from previous years, our ECA now consists of wind, string, and percussion sections. By adapting popular music or rehearsing classical pieces, we introduce modern aesthetics that interact with traditional performance practices. During ECA, we practice solo and ensemble repertoire. We cherish our rehearsal time and actively participate in campus competitions, willing to share our appreciation of Chinese traditional music with all schoolmates.",6,thursday,period11,G019,0,0,0,0,0,0,0,0,0,0,0,0,0,0,0,0,0,0,0,0,0,7,0,0,0,3,0,0,0,0,0,0,0,0,0,0,0,0,0,0,0,0,0,0,0,0,0,0,0,0,0,0,0,0,0,0,0,0,0,0,0,0,0,0,0,0,0,0,0,0,0,0,0,0,0,0,0,0,0,0,0,7,0,0,0,3,0,0,0,0,0,0,0,0,0,0,0,0,0,0,0,0,0,0,0,0,0,0,0,0,0,0,0,0,0,0,0,0,0,0,0,0,0,0,0,0,0
224,Zhuangzi Discussion Club,ACADEMIC Others,"What does it mean to be free? Is success always worth pursuing? How much of our lives should be determined by grades, university offers, competition and other people's expectations? And how can we maintain a sense of balance when the world around us constantly tells us to do more, achieve more and become more? These are not merely philosophical questions. They are questions about everyday life. This ECA explores these questions through the Inner Chapters of the Zhuangzi, one of the most imaginative works of classical Chinese philosophy. Rather than studying Zhuangzi simply as an ancient Chinese thinker, students will encounter his ideas as a provocative conversation partner for the challenges of modern student life. Through stories, paradoxes, thought experiments, close reading and panel discussions, we will explore themes including freedom, perspective, comparison, success, social expectations, identity, uncertainty, change and inner balance. This ECA creates a space where students can step outside the pressure of everyday academic life, question assumptions, encounter different perspectives, and reflect on what they genuinely value. Ultimately, Zhuangzi invites us to consider a deceptively simple question: How can we live freely in a world that constantly tells us who we should be?",0,thursday,period11,B424,0,0,0,0,0,0,0,0,0,0,0,0,0,0,0,0,0,0,0,0,0,8,0,0,0,0,0,0,0,0,0,0,0,0,0,0,0,0,0,0,0,0,0,0,0,0,0,0,0,0,0,0,0,0,0,0,0,0,0,0,0,0,0,0,3,0,0,0,0,0,0,0,0,0,0,0,0,0,0,0,0,0,0,0,0,0,0,9,0,0,0,0,0,0,0,0,0,0,0,0,0,0,0,0,0,0,0,0,0,0,0,0,0,0,0,0,0,0,0,0,0,0,0,0,0,0,0
225,cinema appreciation,SOCIAL Media and creative,"This ECA aims to create a space where people in the school feel free to discuss about films with potential strangers in the school face-to-face. The discussions include the individuals' opinions of the themes they recognize, the director intention and how a certain frame gives the audience a certain feeling etc. The basic procedure is the context of the movie then clips of it then discussion.",2,thursday,period13,A506,0,0,0,0,0,0,0,0,0,0,0,0,0,0,0,0,0,0,0,0,0,0,0,0,0,0,0,0,0,0,0,0,0,0,0,0,0,0,0,0,0,0,0,0,0,0,0,15,0,0,0,0,0,0,0,0,0,0,0,0,0,0,0,0,0,0,0,0,0,0,0,0,0,0,0,0,5,0,0,0,0,0,0,0,0,0,0,0,0,0,0,0,0,0,0,0,0,0,0,0,0,0,0,0,0,0,0,0,0,0,0,0,0,0,0,0,0,0,0,0,0,0,0,0,0,0,0
226,iGEM Club,ACADEMIC Natural sciences,"The iGEM Club is a student-led extracurricular activity dedicated to synthetic biology, biotechnology, and interdisciplinary problem-solving. As part of the global iGEM (International Genetically Engineered Machine) competition framework, the club will design, build, and test innovative biological systems to address real-world challenges. Activities include laboratory training, project design, outreach initiatives, and collaborations with international teams. Members will gain experience in scientific research, teamwork, and communication while exploring the ethical and societal dimensions of biotechnology. The club fosters creativity and scientific curiosity, offering students an opportunity to engage with cutting-edge science in a collaborative and supportive environment.",1,thursday,period11,A414,0,0,2,0,0,0,0,0,0,0,0,0,0,0,0,6,0,0,0,0,0,0,0,0,0,2,0,0,0,0,0,0,0,0,0,0,0,0,0,0,0,0,0,5,0,0,0,0,0,0,0,0,0,0,0,0,0,0,0,0,0,0,0,0,0,0,0,0,0,0,0,0,0,0,0,0,0,0,0,0,0,0,0,0,0,0,0,0,0,0,0,0,0,0,0,0,0,5,0,0,0,0,0,0,0,0,0,0,0,0,0,0,0,0,0,0,0,0,0,0,0,0,0,0,0,0,0
227,iHOSA,ACADEMIC Natural sciences,"ECA description 200w Our iHOSA Club is a student-and-teacher-led organization dedicated to exploring biology, psychology, and health wellbeing through academic challenges, community service, and leadership development. Aligned with iHOSA, we focus on three aspects: 1. Dominate iHOSA competitions. Master subjects like Biology, Behavioral Health, and Pathophysiology to conquer the ATC challenges. 2. Create Health Campaigns. Design powerful PSAs and workshops to drive real change in our community, meanwhile expanding this ECA’s worth to the greater society through social media. 3. Learn from the best. We host iHOSA veterans to share their winning strategies and inspire the next generation of health science innovators. Through both lectures and hands-on promotions, we foster scientific curiosity, teamwork, and real-world impact.",15,monday,period11,A211,0,0,0,0,0,0,0,0,0,0,0,0,0,0,0,6,0,0,0,0,0,0,0,0,5,2,0,0,0,0,0,0,0,0,0,0,0,0,0,0,0,0,0,0,0,0,0,0,0,0,0,0,0,0,0,0,0,0,0,0,0,2,0,0,0,0,0,0,0,0,0,0,0,0,0,0,0,0,0,0,0,0,0,0,0,0,0,0,0,0,0,0,0,5,0,0,0,0,0,0,0,0,0,0,0,0,0,0,0,0,0,0,0,0,0,0,0,0,0,0,0,0,0,0,0,0,0
228,model kit,SOCIAL Interests and hobbies,"A club focusing on teaching how to make model, paint model and other skills for creating a miniature model.",5,wednesday,lunchtime,A205,0,0,0,0,0,0,0,0,0,0,0,0,0,0,0,0,0,0,0,0,0,0,0,0,0,0,0,9,0,0,0,0,0,0,0,0,0,0,0,0,0,0,0,0,0,0,0,0,0,0,0,0,0,0,0,0,0,0,0,0,0,0,0,3,0,0,0,0,0,0,0,0,0,0,0,0,0,0,0,0,0,0,0,0,0,0,0,0,0,0,0,0,0,0,0,0,0,0,0,0,0,0,0,0,0,0,0,0,0,0,0,0,0,0,0,0,0,8,0,0,0,0,0,0,0,0,0
229,the SCIE’er limited economics cooperation,ACADEMIC Business and economics,"We are an ECA that is coe-led by two student members ,our final goal is to compile and publish a ecnomics newspaper that will be distributed across the SCIE campus ,thus both enriching the students after -class lives and also providing an interesting way for them to learn about economics,students that join our ECA will have the chance to work with us together to compile the newspaper .However in the mean time we will also hold other classes to the students who join our ECA on other economics related topics such as study tips on economics and review of hard topics in both G1 and G2 .As well as other useful economic facts such as stock marketing.",1,tuesday,period11,A511,0,0,0,0,3,0,0,0,0,0,0,0,0,0,0,0,0,0,0,0,0,0,0,0,0,0,0,0,0,0,0,0,0,0,0,0,0,0,9,0,0,0,0,0,0,0,0,0,0,0,0,0,0,0,0,0,0,0,0,0,0,0,0,0,0,0,8,0,0,0,0,0,0,0,0,0,0,0,0,0,0,0,0,0,0,0,0,0,0,0,0,0,0,0,0,0,0,0,0,0,0,0,0,0,0,0,0,0,0,0,0,0,0,0,0,0,0,0,0,0,0,0,0,0,0,0,0
